{
  "coefficients": {
    "frontier_gap_lag": {
      "ci_hi": 4.712397862120801,
      "ci_lo": 1.4856018310506225,
      "estimate": 3.098999846585712,
      "p": 0.00016676215491524612,
      "se": 0.8231773789015344
    }
  },
  "n_countries": 31,
  "n_obs": 1122,
  "run_id": "oecd_pdb_gdp_hour_frontier_convergence_1950_2025",
  "status": "SUPPORTED"
}
