{
  "coefficients": {
    "frontier_gap_lag": {
      "ci_hi": 4.712397862120801,
      "ci_lo": 1.4856018310506225,
      "estimate": 3.098999846585712,
      "p": 0.00016676215491524612,
      "se": 0.8231773789015344
    }
  },
  "formula": "gdp_hour_growth ~ frontier_gap_lag + C(country) + C(year)",
  "n_countries": 31,
  "n_obs": 1122,
  "r2": 0.3523627623656218,
  "sample_max_year": 2025,
  "sample_min_year": 1971,
  "status": "SUPPORTED"
}
