{
  "verdict": "inconclusive \u2014 OLS coefficient on \u0394fiscal-balance is +1.287 pp/pp (p=0.289) \u2014 wrong sign but not significant. The spec mandated IV-2SLS (Blanchard-Leigh instrument) precisely because OLS on this relationship suffers from reverse-causality bias toward positive coefficients (worse-growth \u2192 larger forced consolidation). The April-2010 WEO forecast vintage needed for the instrument is not in the local data tree. With controls (initial debt, unemployment), \u03b2 = +2.540 pp/pp (p = 0.007) \u2014 also wrong sign. Identification gap, not dispositive refutation. N=21.",
  "all_pass": false,
  "method_valid": true,
  "n_countries": 21,
  "n_periphery": 8,
  "n_core": 13,
  "beta_core_consolidation": 1.2868077711791985,
  "beta_periphery_consolidation": 1.3804039145422755,
  "interaction_coefficient": 0.09359614336307692,
  "primary_p_consolidation": 0.2893937996984097,
  "interaction_p": 0.9462456075567554,
  "primary_r2": 0.32484891478923406,
  "magnitude_threshold_pp": 0.5,
  "primary_coefficients": {
    "intercept": 16.283614590082628,
    "delta_fb_2010_2013_pp": 1.2868077711791985,
    "periphery": -8.798783195100436,
    "fb_x_peri": 0.09359614336307692
  },
  "primary_se": {
    "intercept": 3.6688158837769707,
    "delta_fb_2010_2013_pp": 1.2145970692502093,
    "periphery": 7.501664126412067,
    "fb_x_peri": 1.3882098611278169
  },
  "primary_p_values": {
    "intercept": 9.063670997733198e-06,
    "delta_fb_2010_2013_pp": 0.2893937996984097,
    "periphery": 0.2408315608419762,
    "fb_x_peri": 0.9462456075567554
  },
  "controlled_n": 21,
  "controlled_coefficients": {
    "intercept": 33.114658035878605,
    "delta_fb_2010_2013_pp": 2.5398206874801,
    "periphery": 0.003865830800128478,
    "fb_x_peri": -0.6908343895514268,
    "debt_gdp_2010": -0.3390413008485477,
    "unemp_2010": -0.04935277677492379
  },
  "controlled_se": {
    "intercept": 6.6863443297921465,
    "delta_fb_2010_2013_pp": 0.938477479651547,
    "periphery": 5.073143280974213,
    "fb_x_peri": 0.9099812413862159,
    "debt_gdp_2010": 0.08116556526370426,
    "unemp_2010": 0.3713799851874439
  },
  "controlled_p_values": {
    "intercept": 7.323577242424051e-07,
    "delta_fb_2010_2013_pp": 0.006803338459212771,
    "periphery": 0.9993919969847582,
    "fb_x_peri": 0.4477482860299413,
    "debt_gdp_2010": 2.951754260571704e-05,
    "unemp_2010": 0.8942801827863869
  },
  "unemployment_coefficients": {
    "intercept": 6.964411456166397,
    "delta_fb_2010_2013_pp": 0.23123687964338743,
    "periphery": 5.978447924284808,
    "fb_x_peri": -0.19619480753630886
  },
  "unemployment_p_values": {
    "intercept": 0.0,
    "delta_fb_2010_2013_pp": 0.5100634543021403,
    "periphery": 0.006510783505981221,
    "fb_x_peri": 0.6138899606331347
  },
  "unemployment_n": 21,
  "downgrade_note": "Primary spec downgraded from IV-2SLS (Blanchard-Leigh forecast-error instrument) to cross-section OLS; April 2010 WEO forecast vintage and IMF GGCBP (CAPB) not in local vintage tree. Treatment uses IMF GGXCNL_NGDP overall fiscal-balance change as a CAPB proxy.",
  "country_records": [
    {
      "country": "AUT",
      "periphery": 0,
      "log_growth_2010_2019": 0.13844290498974843,
      "delta_fb_2010_2013_pp": 2.5,
      "debt_gdp_2010": 83.7,
      "unemp_2010": 4.883,
      "unemp_mean_2010_2019": 5.239
    },
    {
      "country": "BEL",
      "periphery": 0,
      "log_growth_2010_2019": 0.12571105479895195,
      "delta_fb_2010_2013_pp": 0.8999999999999995,
      "debt_gdp_2010": 100.2,
      "unemp_2010": 8.293,
      "unemp_mean_2010_2019": 7.462999999999999
    },
    {
      "country": "DEU",
      "periphery": 0,
      "log_growth_2010_2019": 0.1541347020332502,
      "delta_fb_2010_2013_pp": 4.5,
      "debt_gdp_2010": 81.0,
      "unemp_2010": 7.043,
      "unemp_mean_2010_2019": 4.7721
    },
    {
      "country": "DNK",
      "periphery": 0,
      "log_growth_2010_2019": 0.1560971224070684,
      "delta_fb_2010_2013_pp": 1.6,
      "debt_gdp_2010": 46.1,
      "unemp_2010": 7.746,
      "unemp_mean_2010_2019": 6.5870999999999995
    },
    {
      "country": "ESP",
      "periphery": 1,
      "log_growth_2010_2019": 0.10540818869650792,
      "delta_fb_2010_2013_pp": 2.0,
      "debt_gdp_2010": 60.3,
      "unemp_2010": 19.86,
      "unemp_mean_2010_2019": 20.4849
    },
    {
      "country": "FIN",
      "periphery": 0,
      "log_growth_2010_2019": 0.08145375583754699,
      "delta_fb_2010_2013_pp": 0.10000000000000009,
      "debt_gdp_2010": 50.1,
      "unemp_2010": 8.394,
      "unemp_mean_2010_2019": 8.161000000000001
    },
    {
      "country": "FRA",
      "periphery": 0,
      "log_growth_2010_2019": 0.11982953601594204,
      "delta_fb_2010_2013_pp": 2.3,
      "debt_gdp_2010": 86.3,
      "unemp_2010": 9.279,
      "unemp_mean_2010_2019": 9.578700000000001
    },
    {
      "country": "GBR",
      "periphery": 0,
      "log_growth_2010_2019": 0.17246338996157817,
      "delta_fb_2010_2013_pp": 3.8999999999999995,
      "debt_gdp_2010": 75.5,
      "unemp_2010": 7.973,
      "unemp_mean_2010_2019": 6.136099999999999
    },
    {
      "country": "GRC",
      "periphery": 1,
      "log_growth_2010_2019": -0.1510989185404732,
      "delta_fb_2010_2013_pp": 7.300000000000001,
      "debt_gdp_2010": 147.8,
      "unemp_2010": 12.719,
      "unemp_mean_2010_2019": 21.594900000000003
    },
    {
      "country": "IRL",
      "periphery": 1,
      "log_growth_2010_2019": 0.5744944823520832,
      "delta_fb_2010_2013_pp": 25.8,
      "debt_gdp_2010": 86.2,
      "unemp_2010": 14.534,
      "unemp_mean_2010_2019": 10.6618
    },
    {
      "country": "ITA",
      "periphery": 1,
      "log_growth_2010_2019": 0.006346781436985083,
      "delta_fb_2010_2013_pp": 1.3000000000000003,
      "debt_gdp_2010": 118.8,
      "unemp_2010": 8.363,
      "unemp_mean_2010_2019": 10.7426
    },
    {
      "country": "NLD",
      "periphery": 0,
      "log_growth_2010_2019": 0.14089634200469803,
      "delta_fb_2010_2013_pp": 2.4,
      "debt_gdp_2010": 58.9,
      "unemp_2010": 4.991,
      "unemp_mean_2010_2019": 5.537599999999999
    },
    {
      "country": "PRT",
      "periphery": 1,
      "log_growth_2010_2019": 0.06321025129572888,
      "delta_fb_2010_2013_pp": 6.2,
      "debt_gdp_2010": 100.1,
      "unemp_2010": 10.771,
      "unemp_mean_2010_2019": 11.4841
    },
    {
      "country": "SWE",
      "periphery": 0,
      "log_growth_2010_2019": 0.18699025788943047,
      "delta_fb_2010_2013_pp": -1.5,
      "debt_gdp_2010": 38.6,
      "unemp_2010": 8.61,
      "unemp_mean_2010_2019": 7.4734
    },
    {
      "country": "CYP",
      "periphery": 1,
      "log_growth_2010_2019": 0.1541333159401006,
      "delta_fb_2010_2013_pp": -0.5,
      "debt_gdp_2010": 55.3,
      "unemp_2010": 6.359,
      "unemp_mean_2010_2019": 11.3652
    },
    {
      "country": "LUX",
      "periphery": 0,
      "log_growth_2010_2019": 0.2110901881697025,
      "delta_fb_2010_2013_pp": 1.1,
      "debt_gdp_2010": 19.1,
      "unemp_2010": 4.423,
      "unemp_mean_2010_2019": 5.6833
    },
    {
      "country": "SVN",
      "periphery": 1,
      "log_growth_2010_2019": 0.17723091579625105,
      "delta_fb_2010_2013_pp": -5.6,
      "debt_gdp_2010": 38.6,
      "unemp_2010": 7.236,
      "unemp_mean_2010_2019": 7.7094000000000005
    },
    {
      "country": "SVK",
      "periphery": 1,
      "log_growth_2010_2019": 0.23502709958372847,
      "delta_fb_2010_2013_pp": 4.5,
      "debt_gdp_2010": 40.7,
      "unemp_2010": 14.387,
      "unemp_mean_2010_2019": 10.936699999999998
    },
    {
      "country": "EST",
      "periphery": 0,
      "log_growth_2010_2019": 0.3358880707988696,
      "delta_fb_2010_2013_pp": 0.40000000000000013,
      "debt_gdp_2010": 8.0,
      "unemp_2010": 16.707,
      "unemp_mean_2010_2019": 8.406600000000001
    },
    {
      "country": "LTU",
      "periphery": 0,
      "log_growth_2010_2019": 0.37403426361334624,