{
  "coefficients": {
    "public_gva_share_lag": {
      "ci_hi": 18.424045045173102,
      "ci_lo": -11.445900030669739,
      "estimate": 3.4890725072516826,
      "p": 0.6470371541236688,
      "se": 7.620023967647661
    }
  },
  "n_countries": 31,
  "n_obs": 990,
  "run_id": "oecd_pdb_public_sector_share_productivity_drag",
  "status": "REFUTED_OR_WEAK"
}
