{
  "coefficients": {
    "public_gva_share_lag": {
      "ci_hi": 18.424045045173102,
      "ci_lo": -11.445900030669739,
      "estimate": 3.4890725072516826,
      "p": 0.6470371541236688,
      "se": 7.620023967647661
    }
  },
  "formula": "lp_growth ~ public_gva_share_lag + C(country) + C(year)",
  "n_countries": 31,
  "n_obs": 990,
  "r2": 0.34959168604035784,
  "sample_max_year": 2025,
  "sample_min_year": 1971,
  "status": "REFUTED_OR_WEAK"
}
