{
  "verdict": "partial \u2014 USSR cum-log growth +0.594 exceeds WE-mean +0.188 (differential +0.406) but falls short of the +0.50 log threshold the spec requires. Direction of the claim holds; magnitude does not.",
  "method_valid": true,
  "primary_differential_log": 0.406329181107699,
  "primary_threshold_log": 0.5,
  "primary_pass": false,
  "direction_pass": true,
  "soviet_country_used": "SUN",
  "soviet_cum_log_growth": 0.5940773360792946,
  "soviet_annualised_pct": 5.0752363948681545,
  "soviet_gdp_1928": 369683496.0,
  "soviet_gdp_1940": 669629490.0,
  "we_comparator_cum_logs": {
    "GBR": 0.3031575486518996,
    "DEU": 0.35956597476711494,
    "FRA": -0.09309438946440807,
    "ITA": 0.18136348593177587
  },
  "we_mean_cum_log": 0.18774815497159558,
  "we_mean_annualised_pct": 1.5768714040858,
  "usa_cum_log": 0.1393132976529401,
  "usa_differential_log": 0.4547640384263545,
  "we_plus_usa_mean_cum_log": 0.17806118350786448,
  "we_plus_usa_differential_log": 0.4160161525714301,
  "jst_iy_cum_logs_we_plus_usa": {
    "GBR": -0.23429569188020904,
    "FRA": -0.19938966835238592,
    "ITA": 0.0018248290360114439,
    "USA": -0.11707060592419949
  },
  "jst_iy_we_panel_mean_cum_log": -0.14395351039886117,
  "jst_iy_we_plus_usa_mean_cum_log": -0.13723278428019575,
  "jst_iy_ussr_cum_log": null,
  "jst_iy_ussr_data_gap_note": "JST R6 covers 17 advanced economies \u2014 USSR/RUS not in panel; industrial-production like-for-like comparison cannot be done. Maddison total real GDP is the operational primary.",
  "period": [
    1928,
    1940
  ]
}
