{
  "hypothesis_id": "bis_credit_gap_export_growth_drag_panel_1970_2025",
  "verdict_label": "REFUTED",
  "verdict_reason": "neither the regression nor raw-contrast gate clears",
  "n_observations": 12155,
  "n_countries": 41,
  "outcome": "fwd_export_growth_2y_avg",
  "treatment": "high_credit_gap",
  "coefficient": -0.13772816739116875,
  "standard_error_cluster_country": 0.3110055688656565,
  "p_value": 0.657875743958473,
  "ci95": [
    -0.7472878813592471,
    0.4718315465769095
  ],
  "raw_treated_minus_control_mean": -0.6260892129732953,
  "control_mean": 5.1349663227069104,
  "treated_mean": 4.508877109733615,
  "treated_count": 2346,
  "gate": {
    "coef_max": -0.75,
    "p_max": 0.1,
    "mean_diff_max": -0.75,
    "min_observations": 700,
    "min_countries": 20
  },
  "run_utc": "2026-05-12T18:33:21+00:00",
  "runner": "scripts/promote_bis_batch04_wave_2026_05_12.py"
}