{
  "verdict": "partial \u2014 One primary held but not the other (or magnitudes fell short of the strong-form threshold). TFP gap +87 log-pts (threshold +20, rank 1); GDPpc gap +26 log-pts (threshold +50, rank 4).",
  "method_valid": true,
  "primary1_tfp_supported": true,
  "primary1_tfp_refuted": false,
  "primary2_gdppc_supported": false,
  "primary2_gdppc_refuted": false,
  "tfp_cumlog_1973_2019": {
    "TWN": 0.8958571364381243,
    "KOR": 0.695530392700603,
    "PHL": -0.08475134515306518,
    "MYS": -0.20756097322209524,
    "BRA": -0.2921897874983517,
    "MEX": -0.39699384357712814,
    "ARG": -0.19589419062501395,
    "THA": 0.637562324127148,
    "IDN": 0.016269233843348718
  },
  "tfp_twn": 0.8958571364381243,
  "tfp_pool_mean": 0.02149647632443069,
  "tfp_market_led_mean": -0.07479408315787965,
  "tfp_gap_vs_pool": 0.8743606601136935,
  "tfp_gap_vs_market_led": 0.9706512195960039,
  "tfp_rank_twn": 1,
  "tfp_n_donors": 8,
  "tfp_threshold_logpts": 0.2,
  "gdppc_cumlog_1973_2019": {
    "TWN": 1.8408660042578688,
    "KOR": 2.5043100421480275,
    "PHL": 1.0743555341175757,
    "MYS": 1.7389842660790062,
    "BRA": 1.0574743811910103,
    "MEX": 0.6577159606171019,
    "ARG": 1.624144133277177,
    "THA": 1.8587773049649465,
    "IDN": 2.1446265051240516
  },
  "gdppc_twn": 1.8408660042578688,
  "gdppc_pool_mean": 1.582548515939862,
  "gdppc_market_led_mean": 1.4508682979101242,
  "gdppc_gap_vs_pool": 0.2583174883180068,
  "gdppc_gap_vs_market_led": 0.38999770634774467,
  "gdppc_rank_twn": 4,
  "gdppc_n_donors": 8,
  "gdppc_threshold_logpts": 0.5,
  "treatment_year": 1973,
  "end_year": 2019,
  "donor_pool": [
    "KOR",
    "PHL",
    "MYS",
    "BRA",
    "MEX",
    "ARG",
    "THA",
    "IDN"
  ],
  "market_led_subpool": [
    "PHL",
    "MYS",
    "BRA",
    "MEX",
    "ARG",
    "THA",
    "IDN"
  ]
}
