{
  "verdict": "SUPPORTED \u2014 post-1978 annualised log-growth +8.07%/yr vs pre-1978 +3.33%/yr; acceleration +4.74pp/yr (threshold +3.00pp/yr).",
  "primary_pass": true,
  "informative_pass_robustness": true,
  "pre_window_years": [
    1965,
    1977
  ],
  "post_window_years": [
    1979,
    2019
  ],
  "pre_annualised_log_growth": 0.0333165165232033,
  "post_annualised_log_growth": 0.08073127632978787,
  "acceleration_log_points_per_year": 0.04741475980658457,
  "pre_endpoint_slope_1965_1977": 0.0333165165232033,
  "post_endpoint_slope_1979_2019": 0.08073127632978787,
  "endpoint_acceleration": 0.04741475980658457,
  "pre_cumulative_log_growth_1965_1977": 0.39979819827843954,
  "post_cumulative_log_growth_1979_2019": 3.229251053191515,
  "log_1965": 5.462577298694362,
  "log_1977": 5.862375496972802,
  "log_1979": 6.016116677053843,
  "log_2019": 9.245367730245357
}
