{
  "verdict": "PARTIAL \u2014 only 0 of 3 legs pass falsification; panel \u03b2_RL=-0.0114 (p=0.713); cross-section \u03b2_RL=+0.0046 (p=0.066)",
  "pass_count": 0,
  "primary_twfe": {
    "n_obs": 917,
    "r2_within": 0.22748321862945953,
    "coefs": {
      "rule_of_law": {
        "estimate": -0.011425300459074373,
        "se": 0.031023894063946584,
        "ci_lo": -0.07231928144063345,
        "ci_hi": 0.0494686805224847,
        "p": 0.7127621134895081,
        "t": -0.3682742222986094
      },
      "log_gdp_pc": {
        "estimate": -0.3048566099840454,
        "se": 0.05391353345980442,
        "ci_lo": -0.4106785830214412,
        "ci_hi": -0.19903463694664958,
        "p": 2.1455105247980555e-08,
        "t": -5.654547020393927
      },
      "trade_openness": {
        "estimate": 0.0012350434221602474,
        "se": 0.0007767995641179195,
        "ci_lo": -0.00028966581602822843,
        "ci_hi": 0.0027597526603487235,
        "p": 0.11223302643856115,
        "t": 1.589912609648125
      },
      "secondary_enr": {
        "estimate": 0.0010402975445654532,
        "se": 0.0006760361977711544,
        "ci_lo": -0.000286632443174627,
        "ci_hi": 0.0023672275323055334,
        "p": 0.12422726175534882,
        "t": 1.5388192939893512
      }
    }
  },
  "twfe_with_GE": {
    "n_obs": 917,
    "r2_within": 0.2348436082398333,
    "coefs": {
      "rule_of_law": {
        "estimate": -0.02891428662805089,
        "se": 0.03175965848832991,
        "ci_lo": -0.09125254120204324,
        "ci_hi": 0.03342396794594145,
        "p": 0.3628697669202854,
        "t": -0.9104092425513786
      },
      "gov_effective": {
        "estimate": 0.04717298771704116,
        "se": 0.02686179793973613,
        "ci_lo": -0.005551684964742107,
        "ci_hi": 0.09989766039882443,
        "p": 0.07943209928387773,
        "t": 1.7561366451669673
      },
      "log_gdp_pc": {
        "estimate": -0.3356262026204276,
        "se": 0.05814171424195061,
        "ci_lo": -0.4497474859180688,
        "ci_hi": -0.22150491932278635,
        "p": 1.1009076095191972e-08,
        "t": -5.7725543010953295
      },
      "trade_openness": {
        "estimate": 0.0012604151232130838,
        "se": 0.0007920959758724076,
        "ci_lo": -0.00029432075686928387,
        "ci_hi": 0.0028151510032954517,
        "p": 0.11193442764969164,
        "t": 1.591240407230795
      },
      "secondary_enr": {
        "estimate": 0.0010126609338912925,
        "se": 0.0006761485456906867,
        "ci_lo": -0.0003144918812622052,
        "ci_hi": 0.0023398137490447902,
        "p": 0.13459216912142136,
        "t": 1.4976900273546518
      }
    }
  },
  "cross_section": {
    "n_countries": 59,
    "rl_coef": 0.004616864537627832,
    "rl_se": 0.0025153655421107,
    "rl_p": 0.06643687202769702,
    "rl_t": 1.8354646512942676,
    "r2": 0.49066242869217436
  },
  "falsification_components": {
    "panel_FE_RL_positive_p05": false,
    "cross_section_RL_positive_p05": false,
    "attenuation_below_70pct": false,
    "attenuation_pct": -1.5307243981567376
  }
}
