{
  "sample": {
    "countries": [
      "DEU",
      "ESP",
      "FRA",
      "GRC",
      "ITA",
      "PRT"
    ],
    "period": [
      1999,
      2023
    ],
    "n_obs_panel": 150
  },
  "baseline_italy_coef": 0.13848700699401717,
  "full_italy_coef": 0.3443221215607443,
  "residual_share": 2.486313546913607,
  "threshold": 0.4,
  "italy_log_gdp_pc_ppp_1999": 10.789188452333333,
  "italy_log_gdp_pc_ppp_2023": 10.875597518007323,
  "italy_cumulative_log_change": 0.08640906567399043,
  "verdict": "weakened \u2014 residual_share 2.486 > threshold 0.40"
}
