{
  "verdict": "partial \u2014 Some Shapley conditions met but not all: BF+MW poverty share 9% < 40%; BF+MW Gini share 6% < 30%. Brazil 2003\u21922010 delta: poverty -9.4pp, Gini -4.3.",
  "all_pass": false,
  "thresholds": {
    "policy_share_poverty_min": 0.4,
    "policy_share_gini_min": 0.3,
    "commodity_share_max": 0.6
  },
  "shapley_poverty": {
    "base_r2": 0.9437693590855162,
    "full_r2": 0.9777889871022039,
    "explainable_r2": 0.034019628016687675,
    "n_obs": 36,
    "shapley_abs_r2": {
      "bf_intensity": 0.0016421709359059162,
      "min_wage_log": 0.0012709471087960409,
      "gdp_pc_growth": 0.0026969088780465313,
      "urban": 0.028409601093939297
    },
    "shapley_share": {
      "bf_intensity": 0.048271278424925186,
      "min_wage_log": 0.03735923003545489,
      "gdp_pc_growth": 0.07927508427557216,
      "urban": 0.835094407264051
    },
    "shapley_sum_check": 0.034019628016687786,
    "channel_betas": {
      "bf_intensity": -7.464120766446378,
      "min_wage_log": 10.781575424873848,
      "gdp_pc_growth": -0.07218580742501354,
      "urban": -3.0427458645738263
    }
  },
  "shapley_gini": {
    "base_r2": 0.9320017580798298,
    "full_r2": 0.9463220528917701,
    "explainable_r2": 0.014320294811940304,
    "n_obs": 36,
    "shapley_abs_r2": {
      "bf_intensity": 0.0004135145937117687,
      "min_wage_log": 0.0005115940887319148,
      "gdp_pc_growth": 0.0005438713028806386,
      "urban": 0.012851314826615981
    },
    "shapley_share": {
      "bf_intensity": 0.028876122952928244,
      "min_wage_log": 0.035725108697157976,
      "gdp_pc_growth": 0.03797905769559696,
      "urban": 0.8974197106543168
    },
    "shapley_sum_check": 0.014320294811940304,
    "channel_betas": {
      "bf_intensity": 1.1223976433409317,
      "min_wage_log": -3.9134586796635915,
      "gdp_pc_growth": 0.08297926536324815,
      "urban": -1.2624507563036882
    }
  },
  "policy_share_poverty": 0.08563050846038008,
  "policy_share_gini": 0.06460123165008622,
  "commodity_share_poverty": 0.07927508427557216,
  "commodity_share_gini": 0.03797905769559696,
  "brazil_observed": {
    "poverty": {
      "label": "extreme_poverty_headcount",
      "y_2003": 17.1,
      "y_endpoint": 7.75,
      "endpoint_year": 2010,
      "delta": -9.350000000000001
    },
    "gini": {
      "label": "gini_coefficient",
      "y_2003": 57.6,
      "y_endpoint": 53.3,
      "endpoint_year": 2010,
      "delta": -4.300000000000004
    }
  },
  "sample": {
    "countries": [
      "BRA",
      "MEX",
      "COL",
      "PER",
      "CHL",
      "ARG"
    ],
    "period": [
      1995,
      2012
    ],
    "decomp_window": [
      2003,
      2010
    ],
    "exclusions": [
      {
        "country": "ARG",
        "year": 2001
      },
      {
        "country": "ARG",
        "year": 2002
      },
      {
        "country": "ARG",
        "year": 2003
      },
      {
        "country": "MEX",
        "year": 2009
      }
    ],
    "panel_n_obs": 104,
    "decomp_n_obs": 46
  }
}
