{
  "hypothesis_id": "bis_credit_gap_unemployment_lag_panel_1970_2025",
  "verdict_label": "PARTIAL",
  "verdict_reason": "one of the regression or raw-contrast gates clears, but not both",
  "n_observations": 9573,
  "n_countries": 42,
  "outcome": "fwd_unemployment_change_2y",
  "treatment": "high_credit_gap",
  "coefficient": 0.254066259338622,
  "standard_error_cluster_country": 0.16586597727322253,
  "p_value": 0.12558257804367187,
  "ci95": [
    -0.07102508237743327,
    0.5791576010546773
  ],
  "raw_treated_minus_control_mean": 0.9179296557504675,
  "control_mean": -0.33369376080883334,
  "treated_mean": 0.5842358949416342,
  "treated_count": 2056,
  "gate": {
    "coef_min": 0.25,
    "p_max": 0.1,
    "mean_diff_min": 0.25,
    "min_observations": 700,
    "min_countries": 20
  },
  "run_utc": "2026-05-12T18:33:16+00:00",
  "runner": "scripts/promote_bis_batch04_wave_2026_05_12.py"
}