{
  "verdict": "SUPPORTED \u2014 EU panel shows partial decoupling 2019->2023: mean per-capita CO2 -18.3%, mean per-capita real GDP +4.6%. 13/16 countries showed both falling emissions and rising GDP. Pace is BELOW 1.5C path: 2023 mean emissions at 83% of 2019 vs benchmark 82% (gap +2pp). 11/16 above the 1.5C share.",
  "all_pass": true,
  "primary1_decoupled": true,
  "primary2_pace_insufficient": true,
  "mean_log_change_co2_pc_2019_2023": -0.18290834082236074,
  "mean_log_change_gdp_pc_2019_2023": 0.045803260794746725,
  "emissions_decline_threshold": -0.02,
  "gdp_growth_threshold": 0.01,
  "mean_emissions_fraction_2023_vs_2019": 0.8344010036153535,
  "benchmark_fraction_2023": 0.8181818181818181,
  "n_emissions_fell": 16,
  "n_gdp_grew": 13,
  "n_decoupled": 13,
  "n_above_benchmark": 11,
  "n_with_data": 16,
  "country_co2_log_change": {
    "AUT": -0.20505055923196935,
    "BEL": -0.18315887740711756,
    "CZE": -0.217319259046854,
    "DEU": -0.18864200065785441,
    "DNK": -0.09362707544435822,
    "ESP": -0.16136751230879476,
    "FIN": -0.30303331008396284,
    "FRA": -0.16809699694652958,
    "GRC": -0.1892415131937728,
    "HUN": -0.18899732681785686,
    "IRL": -0.15469579610472217,
    "ITA": -0.0734017986577038,
    "NLD": -0.29749590509193324,
    "POL": -0.12794418382756367,
    "PRT": -0.24331219281991023,
    "SWE": -0.13114914551686851
  },
  "country_gdp_log_change": {
    "AUT": -0.0011316851407663364,
    "BEL": 0.042335542613919586,
    "CZE": -0.004305535638788882,
    "DEU": 0.003018505356756407,
    "DNK": 0.03293452768530436,
    "ESP": 0.009046571157131922,
    "FIN": -0.011868806831708767,
    "FRA": 0.015744276522104528,
    "GRC": 0.09116320140032208,
    "HUN": 0.0685067080233317,
    "IRL": 0.20130719577857903,
    "ITA": 0.06202585789202786,
    "NLD": 0.03406530426975074,
    "POL": 0.13437039508258586,
    "PRT": 0.038561017286967925,
    "SWE": 0.0170790972584296
  },
  "country_emissions_fractions": {
    "AUT": 0.8146061295099687,
    "BEL": 0.8326358582016002,
    "CZE": 0.8046730291476343,
    "DEU": 0.8280829067719178,
    "DNK": 0.910622292341005,
    "ESP": 0.850979268275606,
    "FIN": 0.7385744939823237,
    "FRA": 0.8452718419205455,
    "GRC": 0.8275866094716198,
    "HUN": 0.8277887195217993,
    "IRL": 0.8566757419469321,
    "ITA": 0.9292273926884226,
    "NLD": 0.7426756244029608,
    "POL": 0.8799024905631658,
    "PRT": 0.7840267080513793,
    "SWE": 0.8770869510487758
  }
}
