{
  "verdict": "partial - Level-recovery legs hold (2025 = +3.0%, 2026 = +6.4%) but ARG cumulative 2024-2026 log-deviation +8.1% does NOT exceed peer mean +14.1% \u2014 recovery, but not faster than the LatAm peer pool. Note: 2 of 3 post-period years (2025, 2026) are WEO projections (last realised year = 2024).",
  "primary_a_pass_2025_floor": true,
  "primary_b_pass_2026_recovery": true,
  "primary_c_pass_faster_than_peers": false,
  "arg_log_index_2024": -0.01308523954865547,
  "arg_log_index_2025": 0.02997424991179151,
  "arg_log_index_2026": 0.06437567662912391,
  "arg_cumulative_log_deviation_2024_2026": 0.08126468699225994,
  "peer_mean_cumulative_log_deviation_2024_2026": 0.14128352456025103,
  "peer_country_cumulative": {
    "BRA": 0.1646050564382788,
    "CHL": 0.14619874080202827,
    "COL": 0.11874081794789698,
    "MEX": 0.06954620801835934,
    "PER": 0.19768899935744533,
    "URY": 0.1509213247974975
  },
  "threshold_2025_floor": -0.04,
  "threshold_2026_recovery": 0.0,
  "arg_max_year_in_vintage": 2027,
  "last_realised_year_assumed": 2024,
  "weo_forecast_share_of_post_window": 0.6666666666666666,
  "weo_forecast_post_years": [
    2025,
    2026
  ],
  "n_peer_countries_with_data": 6,
  "coverage_max_year_by_country": {
    "ARG": 2027,
    "BRA": 2027,
    "CHL": 2027,
    "COL": 2027,
    "MEX": 2027,
    "PER": 2027,
    "URY": 2027
  }
}
