{
  "verdict": "SUPPORTED \u2014 2023 log-gap (CHL\u2212VEN) +2.30 (>=1.20). Cumulative growth gap 1999\u21922023 +1.50 log-points (>=0.60). Chile annualised +2.33%/yr; Venezuela -3.93%/yr.",
  "all_primary_pass": true,
  "series_used": "NY.GDP.PCAP.KD",
  "units": "constant 2015 USD",
  "chl_log_1999": 9.007177335164926,
  "chl_log_2023": 9.56663957480496,
  "chl_log_2019": 9.520072070591876,
  "ven_log_1999": 8.209578046257802,
  "ven_log_2023": 7.265951092557298,
  "ven_log_2019": 7.4746231911522205,
  "log_gap_1999": 0.797599288907124,
  "log_gap_2023": 2.3006884822476614,
  "chl_cumulative_log_growth_1999_2023": 0.5594622396400339,
  "ven_cumulative_log_growth_1999_2023": -0.9436269537005035,
  "growth_gap_log_points": 1.5030891933405375,
  "chl_annualised_rate": 0.02331092665166808,
  "ven_annualised_rate": -0.03931778973752098,
  "chl_cumulative_pre_covid_1999_2019": 0.5128947354269506,
  "ven_cumulative_pre_covid_1999_2019": -0.7349548551055811,
  "growth_gap_pre_covid_1999_2019": 1.2478495905325317,
  "falsification_components": {
    "endpoint_log_gap_ge_1.20": true,
    "cumulative_growth_gap_ge_0.60": true,
    "informative_pre_window_gap_lt_0.30": false
  }
}
