{
  "sample": {
    "countries": [
      "BOL",
      "BRA",
      "COL",
      "ECU",
      "MEX",
      "PER",
      "VEN"
    ],
    "period": [
      2005,
      2023
    ],
    "n_obs_panel": 133
  },
  "baseline_ven_coef": 0.021833535926952363,
  "full_ven_coef": 1.0320339505425884,
  "residual_share": 47.268291952133886,
  "threshold": 0.5,
  "ven_log_gdp_pc_ppp_2013": 9.972500423823082,
  "ven_log_gdp_pc_ppp_latest": 9.278928550919485,
  "ven_cumulative_log_drop_from_2013": -0.6935718729035969,
  "verdict": "weakened \u2014 residual share 47.268 > threshold 0.50; channels do not jointly absorb the gap"
}
