{
  "hypothesis_id": "bis_reer_appreciation_inflation_relief_panel_1964_2026",
  "verdict_label": "REFUTED",
  "verdict_reason": "neither the regression nor raw-contrast gate clears",
  "n_observations": 8120,
  "n_countries": 42,
  "outcome": "fwd_inflation_2y_avg",
  "treatment": "large_reer_appreciation",
  "coefficient": 0.10732376447791957,
  "standard_error_cluster_country": 0.4920525576080092,
  "p_value": 0.8273399524210373,
  "ci95": [
    -0.8570815269345986,
    1.0717290558904378
  ],
  "raw_treated_minus_control_mean": 2.849398682332954,
  "control_mean": 3.1137032392445056,
  "treated_mean": 5.96310192157746,
  "treated_count": 564,
  "gate": {
    "coef_max": -1.0,
    "p_max": 0.1,
    "mean_diff_max": -1.0,
    "min_observations": 900,
    "min_countries": 20
  },
  "run_utc": "2026-05-12T18:33:20+00:00",
  "runner": "scripts/promote_bis_batch04_wave_2026_05_12.py"
}