{
  "verdict": "refuted \u2014 GBR TFP growth FELL post-1984 (-0.51pp/yr, pre +0.97% \u2192 post +0.46%) AND underperformed the comparator-OECD mean (-0.55pp/yr; comparator post +1.01%). The productivity-from-privatisation premise does not show in PWT country-level TFP.",
  "method_valid": true,
  "primary1_pre_post_pass": false,
  "primary2_vs_comparator_pass": false,
  "gbr_tfp_pre_mean": 0.009665415299538313,
  "gbr_tfp_post_mean": 0.004611648966418822,
  "gbr_pre_post_diff": -0.005053766333119491,
  "primary1_threshold": 0.005,
  "comparator_tfp_pre_mean": 0.005071183830752486,
  "comparator_tfp_post_mean": 0.010073768500804787,
  "gbr_minus_comparator_post": -0.005462119534385965,
  "primary2_threshold": 0.003,
  "did_tfp": -0.01005635100317179,
  "comparator_post_means": {
    "FRA": 0.011848809755363853,
    "DEU": 0.019940160200475964,
    "ITA": 0.006079563601000414,
    "ESP": 0.00868410502039181,
    "NLD": 0.008016577709652885,
    "SWE": -0.00045828303121064104,
    "USA": 0.008548261337191347,
    "JPN": 0.017930953413572658
  },
  "comparator_pre_means": {
    "FRA": 0.009110858152928688,
    "DEU": 0.008287508125376887,
    "ITA": -0.0018332388816550153,
    "ESP": 0.010834085440338129,
    "NLD": 0.00895556529532913,
    "SWE": -0.0008958964320267796,
    "USA": 0.0016219651533416108,
    "JPN": 0.004488623792387233
  },
  "informative_labprod_did": -0.008010706871156036,
  "informative_labprod_did_positive": false,
  "gbr_labprod_pre_mean": 0.022190205486688954,
  "gbr_labprod_post_mean": 0.016726879638326864,
  "yearly_gbr_minus_comparator_gaps": {
    "1": -0.02395396760630176,
    "2": 0.006160745233945091,
    "3": 0.008544216808064817,
    "4": 0.01781418450873777,
    "5": 0.001120946381881295,
    "6": -0.02587089268314878
  },
  "gap_monotone_widening": false,
  "n_full_comparators": 8,
  "pre_window": [
    1975,
    1983
  ],
  "post_window": [
    1984,
    1990
  ]
}
