{
  "verdict": "SUPPORTED \u2014 Cuba's 2000 LE was 75.9y vs LATAM peer mean 72.8y (gap +3.1y, threshold +1.0y). Cuban IMR was 6.8/1k vs peer mean 21.1/1k (ratio 0.32, threshold \u22640.50). LE rank 3/12, IMR rank 1/12. IMR-ratio improved (0.36 \u2192 0.32) but the LE gap NARROWED (+6.0y \u2192 +3.1y) \u2014 peers caught up on life expectancy.",
  "all_pass": true,
  "method_valid": true,
  "primary1_le_outperform": true,
  "primary2_imr_outperform": true,
  "pulled_away": true,
  "thresholds": {
    "le_gap_threshold_years": 1.0,
    "imr_ratio_threshold": 0.5,
    "min_peer_coverage": 8
  },
  "endpoints": {
    "le_cub_1960": 63.316,
    "le_cub_2000": 75.922,
    "le_peer_mean_1960": 57.27472727272727,
    "le_peer_mean_2000": 72.79663636363637,
    "le_gap_1960": 6.041272727272734,
    "le_gap_2000": 3.1253636363636303,
    "le_gap_widening_1960_to_2000": -2.9159090909091034,
    "imr_cub_1960": 36.6,
    "imr_cub_2000": 6.8,
    "imr_peer_mean_1960": 102.78,
    "imr_peer_mean_2000": 21.06363636363636,
    "imr_ratio_1960": 0.3561004086398132,
    "imr_ratio_2000": 0.3228312473025465,
    "imr_ratio_improvement_1960_to_2000": 0.033269161337266706
  },
  "ranks_2000": {
    "le_cub_rank": 3,
    "le_pool_size": 12,
    "imr_cub_rank": 1,
    "imr_pool_size": 12
  },
  "soviet_subsidy_subperiod": {
    "le_cub_1991": 73.757,
    "imr_cub_1991": 10.3,
    "le_gap_1991": 3.530272727272731,
    "imr_ratio_1991": 0.31834785051980896,
    "le_gap_change_1991_to_2000": -0.40490909090910066,
    "imr_ratio_change_1991_to_2000": 0.004483396782737514
  },
  "peer_coverage": {
    "le_peers_with_data_1960": 11,
    "le_peers_with_data_2000": 11,
    "imr_peers_with_data_1960": 10,
    "imr_peers_with_data_2000": 11,
    "n_peers_total": 11
  },
  "peer_endpoints_2000": {
    "le": {
      "MEX": 72.562,
      "BRA": 69.584,
      "ARG": 73.91,
      "CHL": 77.128,
      "COL": 70.905,
      "VEN": 72.388,
      "DOM": 70.365,
      "ECU": 72.09,
      "PER": 69.821,
      "URY": 74.693,
      "CRI": 77.317
    },
    "imr": {
      "MEX": 24.0,
      "BRA": 29.1,
      "ARG": 16.7,
      "CHL": 9.2,
      "COL": 21.6,
      "VEN": 17.5,
      "DOM": 33.5,
      "ECU": 24.1,
      "PER": 30.1,
      "URY": 14.7,
      "CRI": 11.2
    }
  },
  "data_quality_caveat": "WDI back-fills Cuban 1960-2000 estimates from Cuban government sources; WHO GHO independent life-expectancy series begins around 2000 so a 1960-2000 cross-check from a fully-independent publisher is not possible with current vintages. Ranking and gap estimates retain the official-source lineage; treat magnitudes with the standard 1-2 year uncertainty band."
}
