{
  "hypothesis_id": "bis_reer_depreciation_current_account_repair_panel_1964_2026",
  "verdict_label": "REFUTED",
  "verdict_reason": "neither the regression nor raw-contrast gate clears",
  "n_observations": 7584,
  "n_countries": 42,
  "outcome": "fwd_current_account_change_3y",
  "treatment": "large_reer_depreciation",
  "coefficient": -0.038501829863803294,
  "standard_error_cluster_country": 0.4916620660087187,
  "p_value": 0.9375818295301088,
  "ci95": [
    -1.0021417718054466,
    0.9251381120778401
  ],
  "raw_treated_minus_control_mean": -0.28278979642436325,
  "control_mean": 0.15317926155898212,
  "treated_mean": -0.12961053486538113,
  "treated_count": 591,
  "gate": {
    "coef_min": 0.5,
    "p_max": 0.1,
    "mean_diff_min": 0.5,
    "min_observations": 900,
    "min_countries": 20
  },
  "run_utc": "2026-05-12T18:33:19+00:00",
  "runner": "scripts/promote_bis_batch04_wave_2026_05_12.py"
}