{
  "verdict": "SUPPORTED \u2014 Population-weighted mean ratio of real GDP per capita (2018/1930) across the 18-country OECD panel is 6.66x, above Keynes's lower bound of 4x. 18/18 countries individually meet the 4x threshold; 4/18 also clear the 8x upper bound.",
  "anchor_year": 1930,
  "latest_year": 2018,
  "primary_pass": true,
  "method_valid": true,
  "keynes_lower_bound": 4.0,
  "keynes_upper_bound": 8.0,
  "pop_weighted_ratio": 6.658271205094489,
  "equal_weighted_mean_ratio": 7.3411118381476586,
  "median_ratio": 6.3983612580611435,
  "n_above_4x": 18,
  "n_above_8x": 4,
  "n_with_both_endpoints": 18,
  "share_above_4x": 1.0,
  "country_ratios": {
    "USA": 5.1738973363966645,
    "GBR": 4.388110872823706,
    "DEU": 7.291586720353703,
    "FRA": 5.331661032668881,
    "ITA": 7.420463873893327,
    "NLD": 5.315654406001568,
    "BEL": 5.009602205141129,
    "AUT": 7.520656210636809,
    "SWE": 6.741952938564026,
    "NOR": 14.630710292336964,
    "DNK": 5.440190802302361,
    "FIN": 9.15216482352941,
    "IRL": 14.006994802944998,
    "JPN": 11.599446022777546,
    "CAN": 5.850664167427304,
    "AUS": 6.64056493869936,
    "NZL": 4.469534062737162,
    "CHE": 6.156157577422927
  },
  "country_endpoints": {
    "USA": {
      "gdppc_1930": 10694.9821,
      "gdppc_2018": 55334.7394
    },
    "GBR": {
      "gdppc_1930": 8673.0,
      "gdppc_2018": 38058.0856
    },
    "DEU": {
      "gdppc_1930": 6333.0,
      "gdppc_2018": 46177.6187
    },
    "FRA": {
      "gdppc_1930": 7224.0,
      "gdppc_2018": 38515.9193
    },
    "ITA": {
      "gdppc_1930": 4631.0,
      "gdppc_2018": 34364.1682
    },
    "NLD": {
      "gdppc_1930": 8931.0,
      "gdppc_2018": 47474.1095
    },
    "BEL": {
      "gdppc_1930": 7936.0,
      "gdppc_2018": 39756.2031
    },
    "AUT": {
      "gdppc_1930": 5716.0,
      "gdppc_2018": 42988.0709
    },
    "SWE": {
      "gdppc_1930": 6755.0,
      "gdppc_2018": 45541.8921
    },
    "NOR": {
      "gdppc_1930": 5781.0,
      "gdppc_2018": 84580.1362
    },
    "DNK": {
      "gdppc_1930": 8513.0,
      "gdppc_2018": 46312.3443
    },
    "FIN": {
      "gdppc_1930": 4250.0,
      "gdppc_2018": 38896.7005
    },
    "IRL": {
      "gdppc_1930": 4618.0,
      "gdppc_2018": 64684.302
    },
    "JPN": {
      "gdppc_1930": 3334.1082,
      "gdppc_2018": 38673.8081
    },
    "CAN": {
      "gdppc_1930": 7669.0,
      "gdppc_2018": 44868.7435
    },
    "AUS": {
      "gdppc_1930": 7504.0,
      "gdppc_2018": 49830.7993
    },
    "NZL": {
      "gdppc_1930": 7906.0,
      "gdppc_2018": 35336.1363
    },
    "CHE": {
      "gdppc_1930": 9969.3241,
      "gdppc_2018": 61372.7301
    }
  }
}
