{
  "verdict": "refuted \u2014 French TFP was +2.19% ABOVE its 1975-80 pre-trend (net of European-peer controls) during the 1981-83 active-nationalisation window, not below it. The productivity-damage premise is not visible at the country level.",
  "primary1_dip_passes": false,
  "primary2_recovery_passes": true,
  "method_valid": true,
  "windows": {
    "pre": [
      1975,
      1980
    ],
    "treatment": [
      1981,
      1983
    ],
    "recovery": [
      1984,
      1990
    ]
  },
  "thresholds": {
    "primary_dip_log": -0.015,
    "primary_recovery_log": 0.0075,
    "refuted_floor_log": 0.005
  },
  "fra": {
    "n_pre": 6,
    "pre_slope": 0.013739043038707254,
    "pre_intercept": -27.412777818632392,
    "gap_treat_log": -0.006680445792494771,
    "gap_recov_log": -0.01540577667266482,
    "n_treat_obs": 3,
    "n_recov_obs": 7
  },
  "controls": {
    "DEU": {
      "n_pre": 6,
      "slope": 0.014447696575596601,
      "intercept": -28.9595903741448,
      "gap_treat": -0.041211928956025025,
      "n_treat": 3,
      "gap_recov": -0.04880305415025205,
      "n_recov": 7,
      "available": true
    },
    "GBR": {
      "n_pre": 6,
      "slope": 0.009723579725322474,
      "intercept": -19.46903638373316,
      "gap_treat": 0.0023221456327071157,
      "n_treat": 3,
      "gap_recov": 0.015849171589103993,
      "n_recov": 7,
      "available": true
    },
    "ITA": {
      "n_pre": 6,
      "slope": 0.014784083256284792,
      "intercept": -29.13506757109668,
      "gap_treat": -0.0747866973813018,
      "n_treat": 3,
      "gap_recov": -0.13339392231877864,
      "n_recov": 7,
      "available": true
    },
    "NLD": {
      "n_pre": 6,
      "slope": 0.011551938297736085,
      "intercept": -23.008597543728527,
      "gap_treat": -0.03865849144873774,
      "n_treat": 3,
      "gap_recov": -0.050651878080076713,
      "n_recov": 7,
      "available": true
    },
    "BEL": {
      "n_pre": 6,
      "slope": 0.012939478722815088,
      "intercept": -25.791770879040126,
      "gap_treat": -0.00928790649152735,
      "n_treat": 3,
      "gap_recov": -0.03826736360115146,
      "n_recov": 7,
      "available": true
    },
    "ESP": {
      "n_pre": 6,
      "slope": 0.016104575064771514,
      "intercept": -31.92439780745738,
      "gap_treat": -0.010133882891850365,
      "n_treat": 3,
      "gap_recov": -0.021045785314545668,
      "n_recov": 7,
      "available": true
    }
  },
  "n_controls_available": 6,
  "controls_available": [
    "DEU",
    "GBR",
    "ITA",
    "NLD",
    "BEL",
    "ESP"
  ],
  "control_gap_treat_mean": -0.028626126922789194,
  "control_gap_recov_mean": -0.046052138645950084,
  "net_gap_treat_log_fra_minus_controls": 0.021945681130294423,
  "net_gap_recov_log_fra_minus_controls": 0.030646361973285265,
  "recovery_delta_log": 0.008700680842990843,
  "informative_wdi": {
    "log_real_gdp_pc": {
      "available": true,
      "publisher": "world_bank_wdi",
      "series": "NY.GDP.PCAP.KD",
      "fra_pre_mean": 21647.210495571882,
      "fra_treat_mean": 23563.225112699834,
      "fra_recov_mean": 25760.136839873798,
      "fra_change_treat_minus_pre": 0.08481063807141709,
      "fra_change_recov_minus_pre": 0.173951612651857,
      "is_log": true
    },
    "gross_capital_formation_pct_gdp": {
      "available": true,
      "publisher": "world_bank_wdi",
      "series": "NE.GDI.TOTL.ZS",
      "fra_pre_mean": 25.70065039138113,
      "fra_treat_mean": 23.351024284383637,
      "fra_recov_mean": 22.694440784192114,
      "fra_change_treat_minus_pre": -2.349626106997494,
      "fra_change_recov_minus_pre": -3.0062096071890174,
      "is_log": false
    },
    "trade_openness": {
      "available": true,
      "publisher": "world_bank_wdi",
      "series": "NE.TRD.GNFS.ZS",
      "fra_pre_mean": 41.84998368567153,
      "fra_treat_mean": 47.15795130433897,
      "fra_recov_mean": 45.23271515229568,
      "fra_change_treat_minus_pre": 5.3079676186674405,
      "fra_change_recov_minus_pre": 3.3827314666241506,
      "is_log": false
    }
  }
}
