{
  "verdict": "refuted \u2014 DEU manuf-VA share change -1.76pp does not meet -2pp threshold (2017\u21922023)",
  "all_pass": false,
  "deu_manuf_va_share_2017": 0.22493767881025808,
  "deu_manuf_va_share_2023": 0.20735886445471216,
  "deu_manuf_va_share_change_pp": -1.7578814355545924,
  "threshold_pp": -2.0,
  "twfe_baseline_deu_post_2017": {
    "estimate": -0.04458383972540176,
    "se": 0.020814137858769236,
    "p": 0.03489421779312707,
    "t": -2.1419979068034314
  },
  "twfe_full_deu_post_2017": {
    "estimate": -0.025389093941012006,
    "se": 0.017273221941488986,
    "p": 0.14520881137711883,
    "t": -1.4698528176743508
  },
  "residual_share": 0.5694685360746644,
  "channel_single_attenuation": {
    "log_reer": {
      "deu_post_coef": -0.04671091420818283,
      "attenuation": 0.0021270744827810717,
      "share_of_total_attenuation": -0.11081545474339796
    },
    "log_wage_cost": {
      "deu_post_coef": -0.03188276673146563,
      "attenuation": -0.012701072993936129,
      "share_of_total_attenuation": 0.6616952960255069
    },
    "trade_openness": {
      "deu_post_coef": -0.03436685244084179,
      "attenuation": -0.01021698728455997,
      "share_of_total_attenuation": 0.5322804166997095
    }
  },
  "monocausal_flag": true,
  "sample": {
    "countries": [
      "DEU",
      "FRA",
      "ITA",
      "NLD",
      "SWE",
      "ESP",
      "BEL",
      "AUT"
    ],
    "period": [
      2010,
      2023
    ],
    "n_obs_panel": 112
  }
}
