{
  "verdict": "refuted \u2014 DEU manuf-VA share change -1.76pp does not meet -2pp threshold (2017\u21922023)",
  "all_pass": false,
  "deu_manuf_va_share_2017": 0.22493767881025808,
  "deu_manuf_va_share_2023": 0.20735886445471216,
  "deu_manuf_va_share_change_pp": -1.7578814355545924,
  "threshold_pp": -2.0,
  "twfe_baseline_deu_post_2017": {
    "estimate": -0.04458379681869834,
    "se": 0.020814140513033177,
    "p": 0.03489441116979464,
    "t": -2.1419955722303947
  },
  "twfe_full_deu_post_2017": {
    "estimate": -0.026094709469651513,
    "se": 0.01753032271077949,
    "p": 0.14022267851183923,
    "t": -1.4885470108092043
  },
  "residual_share": 0.5852958099501174,
  "channel_single_attenuation": {
    "log_reer": {
      "deu_post_coef": -0.04671075616510397,
      "attenuation": 0.002126959346405631,
      "share_of_total_attenuation": -0.11503863366816117
    },
    "log_wage_cost": {
      "deu_post_coef": -0.03540472857970157,
      "attenuation": -0.009179068238996772,
      "share_of_total_attenuation": 0.49645869835051554
    },
    "trade_openness": {
      "deu_post_coef": -0.03436680799667688,
      "attenuation": -0.010216988822021461,
      "share_of_total_attenuation": 0.5525956273092182
    }
  },
  "monocausal_flag": false,
  "sample": {
    "countries": [
      "DEU",
      "FRA",
      "ITA",
      "NLD",
      "SWE",
      "ESP",
      "BEL",
      "AUT"
    ],
    "period": [
      2010,
      2023
    ],
    "n_obs_panel": 112
  }
}
