{
  "coefficients": {
    "tfp_growth_lag": {
      "ci_hi": 0.030561199920342286,
      "ci_lo": -0.3114420847395385,
      "estimate": -0.1404404424095981,
      "p": 0.10746736871091654,
      "se": 0.08724733907295212
    }
  },
  "n_countries": 17,
  "n_obs": 468,
  "run_id": "oecd_pdb_tfp_growth_frontier_persistence_1970_2025",
  "status": "REFUTED_OR_WEAK"
}
