{
  "coefficients": {
    "tfp_growth_lag": {
      "ci_hi": 0.030561199920342286,
      "ci_lo": -0.3114420847395385,
      "estimate": -0.1404404424095981,
      "p": 0.10746736871091654,
      "se": 0.08724733907295212
    }
  },
  "formula": "tfp_growth ~ tfp_growth_lag + C(country) + C(year)",
  "n_countries": 17,
  "n_obs": 468,
  "r2": 0.3490866425679968,
  "sample_max_year": 2024,
  "sample_min_year": 1986,
  "status": "REFUTED_OR_WEAK"
}
