{
  "verdict": "refuted \u2014 primary EPL coefficient on long-term-unemp share is \u03b2=+1.952 (p=0.224); fails sign-and-significance test",
  "all_pass": false,
  "primary_long_term_unemp": {
    "n_obs": 566,
    "r2_within": -0.01715707860774618,
    "coefs": {
      "epl_r": {
        "estimate": 1.9523386086628203,
        "se": 1.6019612868964506,
        "ci_lo": -1.1948011595548569,
        "ci_hi": 5.099478376880498,
        "p": 0.2235060762950738,
        "t": 1.2187177209788702
      }
    }
  },
  "secondary_unemp_rate": {
    "n_obs": 354,
    "r2_within": -0.020839195823874723,
    "coefs": {
      "epl_r": {
        "estimate": 1.2601017130175975,
        "se": 1.679516398166991,
        "ci_lo": -2.0445918901508473,
        "ci_hi": 4.564795316186043,
        "p": 0.4536572443392921,
        "t": 0.7502765167359254
      }
    }
  },
  "robust_with_controls": {
    "n_obs": 566,
    "r2_within": 0.26804570118668547,
    "coefs": {
      "epl_r": {
        "estimate": 1.7187716337653562,
        "se": 1.1561815637597734,
        "ci_lo": -0.5526303265251016,
        "ci_hi": 3.990173594055814,
        "p": 0.13773303654433966,
        "t": 1.486593185395642
      },
      "trade_openness": {
        "estimate": 0.031909162777582864,
        "se": 0.01917162032220529,
        "ci_lo": -0.005754866252765327,
        "ci_hi": 0.06957319180793106,
        "p": 0.09664045358290174,
        "t": 1.664395718322487
      },
      "log_gdp_pc_ppp": {
        "estimate": -18.771574283883197,
        "se": 3.9456057705700887,
        "ci_lo": -26.52300101712277,
        "ci_hi": -11.020147550643625,
        "p": 2.546774297007559e-06,
        "t": -4.757589930524394
      }
    }
  },
  "falsification_components": {
    "primary_pos_p05": false,
    "secondary_pos_p05": false,
    "robust_p10": false
  },
  "sample": {
    "countries_in_data": [
      "AUS",
      "AUT",
      "BEL",
      "CAN",
      "CHE",
      "CZE",
      "DEU",
      "DNK",
      "ESP",
      "EST",
      "FIN",
      "FRA",
      "GBR",
      "GRC",
      "HUN",
      "IRL",
      "ITA",
      "JPN",
      "KOR",
      "LUX",
      "MEX",
      "NLD",
      "NOR",
      "NZL",
      "POL",
      "PRT",
      "SVK",
      "SVN",
      "SWE",
      "TUR",
      "USA"
    ],
    "n_obs_panel": 1209
  }
}
