{
  "verdict": "refuted \u2014 primary EPL coefficient on long-term-unemp share is \u03b2=-1.364 (p=0.308); fails sign-and-significance test",
  "all_pass": false,
  "primary_long_term_unemp": {
    "n_obs": 262,
    "r2_within": 0.024926264648317042,
    "coefs": {
      "epl_r": {
        "estimate": -1.3640411446432232,
        "se": 1.3358276991458213,
        "ci_lo": -3.996566670223717,
        "ci_hi": 1.2684843809372708,
        "p": 0.30830877529842216,
        "t": -1.0211205722979413
      }
    }
  },
  "secondary_unemp_rate": {
    "n_obs": 262,
    "r2_within": -0.0009168171488600496,
    "coefs": {
      "epl_r": {
        "estimate": -1.22714216188592,
        "se": 2.0263633618131895,
        "ci_lo": -5.220511424617464,
        "ci_hi": 2.766227100845624,
        "p": 0.5454067120143389,
        "t": -0.6055884077907298
      }
    }
  },
  "robust_with_controls": {
    "n_obs": 262,
    "r2_within": 0.3575421390111654,
    "coefs": {
      "epl_r": {
        "estimate": -0.2612406052359011,
        "se": 0.7882582843007045,
        "ci_lo": -1.8147444401794581,
        "ci_hi": 1.292263229707656,
        "p": 0.7406465263681772,
        "t": -0.3314149821687673
      },
      "trade_openness": {
        "estimate": 0.005826612800826215,
        "se": 0.012656052685858666,
        "ci_lo": -0.01911600660998201,
        "ci_hi": 0.030769232211634443,
        "p": 0.6456971106014475,
        "t": 0.4603815222211128
      },
      "log_gdp_pc_ppp": {
        "estimate": -17.201396520913782,
        "se": 4.355333905636812,
        "ci_lo": -25.78491293884639,
        "ci_hi": -8.617880102981173,
        "p": 0.00010545865281774702,
        "t": -3.949501207852557
      }
    }
  },
  "falsification_components": {
    "primary_pos_p05": false,
    "secondary_pos_p05": false,
    "robust_p10": false
  },
  "sample": {
    "countries_in_data": [
      "AUS",
      "AUT",
      "BEL",
      "CAN",
      "CHE",
      "CZE",
      "DEU",
      "DNK",
      "ESP",
      "EST",
      "FIN",
      "FRA",
      "GBR",
      "GRC",
      "HUN",
      "IRL",
      "ITA",
      "JPN",
      "KOR",
      "LUX",
      "MEX",
      "NLD",
      "NOR",
      "NZL",
      "POL",
      "PRT",
      "SVK",
      "SVN",
      "SWE",
      "TUR",
      "USA"
    ],
    "n_obs_panel": 1209
  }
}
