{
  "verdict": "inconclusive \u2014 v3 spec requires canonical health basket (LE+IMR+nutrition status) AND UNSHOCKED market-economy comparator pool (CRI/PAN/MEX/ECU/COL/DOM). v2 graded SUPPORTED on LE/IMR alone vs SHOCKED pool \u2014 both gaming. Documented optic neuropathy epidemic 1991-1995 (~50,000 cases, B-vitamin deficiency) would gate SUPPORTED if formally tested. Missing canonical inputs: nutrition_status_indicator. Unshocked pool LE coverage: 6/6; IMR coverage: 6/6.",
  "method_valid": false,
  "canonical_basket_status": {
    "le_cub_pool_coverage": true,
    "imr_cub_pool_coverage": true,
    "nutrition_status_indicator": false,
    "education_completion_or_literacy": true,
    "unshocked_pool_le_coverage": true,
    "unshocked_pool_imr_coverage": true
  },
  "data_gap_canonical_inputs": [
    "nutrition_status_indicator"
  ],
  "informative_unshocked_pool_check": {
    "cuba_le_delta_y": 2.164999999999992,
    "unshocked_pool_le_mean_delta_y": 2.2966666666666646,
    "cuba_minus_pool_le_y": -0.1316666666666726,
    "cuba_imr_pct_reduction": 0.3398058252427185,
    "unshocked_pool_imr_mean_pct_red": 0.26521421795806244,
    "cuba_minus_pool_imr_pct": 0.07459160728465608,
    "unshocked_pool_le_per_country": {
      "CRI": {
        "y1991": 76.237,
        "y2000": 77.317,
        "delta_y": 1.0799999999999983
      },
      "PAN": {
        "y1991": 71.331,
        "y2000": 73.443,
        "delta_y": 2.1119999999999948
      },
      "MEX": {
        "y1991": 69.368,
        "y2000": 72.562,
        "delta_y": 3.1940000000000026
      },
      "ECU": {
        "y1991": 69.04,
        "y2000": 72.09,
        "delta_y": 3.049999999999997
      },
      "COL": {
        "y1991": 68.772,
        "y2000": 70.905,
        "delta_y": 2.1329999999999956
      },
      "DOM": {
        "y1991": 68.154,
        "y2000": 70.365,
        "delta_y": 2.2109999999999985
      }
    },
    "unshocked_pool_imr_per_country": {
      "CRI": {
        "y1991": 13.8,
        "y2000": 11.2,
        "pct_red": 0.18840579710144936
      },
      "PAN": {
        "y1991": 23.5,
        "y2000": 20.5,
        "pct_red": 0.1276595744680851
      },
      "MEX": {
        "y1991": 36.5,
        "y2000": 24.0,
        "pct_red": 0.3424657534246575
      },
      "ECU": {
        "y1991": 40.7,
        "y2000": 24.1,
        "pct_red": 0.40786240786240785
      },
      "COL": {
        "y1991": 28.8,
        "y2000": 21.6,
        "pct_red": 0.24999999999999997
      },
      "DOM": {
        "y1991": 46.2,
        "y2000": 33.5,
        "pct_red": 0.2748917748917749
      }
    }
  },
  "documented_epidemic_evidence": {
    "optic_neuropathy_1991_1995": "~50,000 cases of bilateral optic + sensory neuropathy from B-vitamin deficiency. Roman 1994; Hedges et al. 1997 NEJM; Cuba MOH/WHO 1995.",
    "caloric_drop": "~30% (1989 ~2,900 \u2192 1993 ~1,800 kcal/cap/day)"
  },
  "v3_correction": "v2 SUPPORTED double-gamed: (1) indicator selection omitted nutrition status during documented B-vitamin deficiency epidemic; (2) comparator pool was shocked/failed-state economies, lowering the bar.",
  "fetcher_backlog": [
    {
      "publisher": "cuba_manual",
      "series": "optic_neuropathy_epidemic_1991_1995"
    },
    {
      "publisher": "world_bank_wdi",
      "series": "SN.ITK.DEFC.ZS coverage 1991-2000"
    },
    {
      "publisher": "world_bank_wdi",
      "series": "SE.PRM.CMPT.ZS + SE.ADT.LITR.ZS 1991-2000"
    }
  ]
}