{
  "verdict": "SUPPORTED \u2014 National-level co-movement matches the post-Keynesian wage-stagnation / debt-substitution / sustained-demand pattern. Real median household income 1990-2007 grew +10.9 log pp (threshold \u2264 20); household mortgage debt grew +134.3 log pp (+123pp wedge over wages, threshold \u2265 50); real consumption grew +56.9 log pp (+46pp wedge over wages, threshold \u2265 20).",
  "all_pass": true,
  "method_valid": true,
  "data_gap": false,
  "period": [
    1990,
    2007
  ],
  "anchor_levels": {
    "real_consumption_1990": 63.72227051890592,
    "real_consumption_2007": 112.53331453452329,
    "real_median_income_1990": 65440.0,
    "real_median_income_2007": 73010.0,
    "mortgage_debt_1990": 3715059.9575,
    "mortgage_debt_2007": 14235325.185
  },
  "log_growth_1990_to_2007": {
    "real_consumption": 0.5687151898444334,
    "real_median_household_income": 0.10946272577350283,
    "mortgage_debt": 1.3433317471758244
  },
  "wedges": {
    "debt_minus_wage_log": 1.2338690214023216,
    "cons_minus_wage_log": 0.45925246407093057
  },
  "primary_conditions": {
    "wage_stagnation": {
      "pass": true,
      "value": 0.10946272577350283,
      "threshold_max": 0.2
    },
    "debt_outran_wages": {
      "pass": true,
      "value": 1.2338690214023216,
      "threshold_min": 0.5
    },
    "cons_outran_wages": {
      "pass": true,
      "value": 0.45925246407093057,
      "threshold_min": 0.2
    }
  },
  "n_primary_pass": 3,
  "informative": {
    "debt_service_ratio_1990": null,
    "debt_service_ratio_2007": 97.85807036634021,
    "hpi_log_growth_1990_2006": 0.8114507701577219,
    "hpi_log_growth_1990_2007": 0.8224874399515169,
    "fed_funds_2003_mean": 1.1264931506849316,
    "fed_funds_2007_mean": 5.017315068493151,
    "labour_share_1990": 110.72325000000001,
    "labour_share_2007": 104.86375,
    "labour_share_change": -5.859500000000011
  },
  "deviation_note": "Spec calls for state-panel Mian-Sufi LP. State-level BEA PCE and NY-Fed CCP not on disk; v1 falls back to national-level descriptive co-movement test. State-LP is v2 once fetchers land."
}
