{
  "verdict": "SUPPORTED \u2014 Mean OECD log-growth post-2008 (excl. 2020): +1.65%/yr (\u2264 2.0% threshold). Mean per-capita emissions in 2023 are at 68% of 2008 baseline; the 1.5C-consistent benchmark for 2023 is 66% \u2014 emissions are +2pp above the path. 11 of 26 OECD countries are above their 1.5C share.",
  "all_pass": true,
  "primary1_growth_slowed": true,
  "primary2_emissions_above_path": true,
  "mean_log_growth": 0.01646123007885664,
  "median_log_growth": 0.018945107495053293,
  "growth_threshold": 0.02,
  "n_country_year_growth_obs": 338,
  "mean_emissions_fraction_2023_vs_2008": 0.6756321165688262,
  "benchmark_fraction_2023": 0.6590909090909092,
  "n_above_benchmark": 11,
  "n_with_data": 26,
  "country_emissions_fractions": {
    "USA": 0.7377671752303497,
    "GBR": 0.5101485834849872,
    "DEU": 0.6649511726156475,
    "FRA": 0.6551657420305164,
    "ITA": 0.6538305967642016,
    "ESP": 0.6201341207015157,
    "NLD": 0.6102516465761293,
    "BEL": 0.6443088256893313,
    "AUT": 0.706143401047146,
    "SWE": 0.6318471556214948,
    "NOR": 0.7513548299543845,
    "DNK": 0.519522194952708,
    "FIN": 0.5145428164562584,
    "IRL": 0.6118428635133839,
    "JPN": 0.8276684859583343,
    "CAN": 0.8085470358308123,
    "AUS": 0.7680322769068935,
    "NZL": 0.6936460039433148,
    "KOR": 1.0336160849976268,
    "ISR": 0.6233639999078993,
    "CHE": 0.6162668228033661,
    "POL": 0.8427909465917657,
    "CZE": 0.650059942472112,
    "HUN": 0.7295533211207826,
    "PRT": 0.634948175646867,
    "GRC": 0.5061308099716556
  }
}
