{
  "hypothesis_id": "bis_credit_gap_manufacturing_share_drag_panel_1970_2025",
  "verdict_label": "REFUTED",
  "verdict_reason": "neither the regression nor raw-contrast gate clears",
  "n_observations": 9864,
  "n_countries": 42,
  "outcome": "fwd_manufacturing_share_change_3y",
  "treatment": "high_credit_gap",
  "coefficient": 0.13601257768136119,
  "standard_error_cluster_country": 0.14862929055325436,
  "p_value": 0.3601323755492253,
  "ci95": [
    -0.15529547885075665,
    0.427320634213479
  ],
  "raw_treated_minus_control_mean": 0.025860596713851824,
  "control_mean": -0.3788224758726572,
  "treated_mean": -0.3529618791588054,
  "treated_count": 2167,
  "gate": {
    "coef_max": -0.3,
    "p_max": 0.1,
    "mean_diff_max": -0.3,
    "min_observations": 700,
    "min_countries": 20
  },
  "run_utc": "2026-05-12T18:33:21+00:00",
  "runner": "scripts/promote_bis_batch04_wave_2026_05_12.py"
}