{
  "hypothesis_id": "bis_reer_volatility_export_drag_panel_1964_2026",
  "verdict_label": "REFUTED",
  "verdict_reason": "neither the regression nor raw-contrast gate clears",
  "n_observations": 7920,
  "n_countries": 41,
  "outcome": "fwd_export_growth_2y_avg",
  "treatment": "high_reer_volatility",
  "coefficient": -0.30380051243228856,
  "standard_error_cluster_country": 0.2720255466277589,
  "p_value": 0.26407610407291193,
  "ci95": [
    -0.8369607866975172,
    0.22935976183294005
  ],
  "raw_treated_minus_control_mean": 0.9675052409867124,
  "control_mean": 4.010199162873213,
  "treated_mean": 4.977704403859925,
  "treated_count": 2095,
  "gate": {
    "coef_max": -1.0,
    "p_max": 0.1,
    "mean_diff_max": -1.0,
    "min_observations": 900,
    "min_countries": 20
  },
  "run_utc": "2026-05-12T18:33:19+00:00",
  "runner": "scripts/promote_bis_batch04_wave_2026_05_12.py"
}