{
  "hypothesis_id": "catch_up_capital_deepening_not_tfp",
  "verdict": "supported",
  "reason": "Early capital+human-capital share 61.2% >= 60% and later TFP contribution falls from 1.47pp/yr to 0.85pp/yr.",
  "metrics": {
    "window_years": 5,
    "early_window_years": 15,
    "n_panel_observations": 691,
    "n_episode_countries": 17,
    "early": {
      "n_observations": 241,
      "n_countries": 17,
      "mean_output_growth": 0.04899998754262924,
      "mean_capital_contribution": 0.024006931111216545,
      "mean_human_capital_contribution": 0.005982082337141037,
      "mean_tfp_contribution": 0.01466645859181881,
      "capital_hc_share_of_growth": 0.6120208382148586,
      "tfp_share_of_growth": 0.2993155575612997,
      "mean_residual": 0.004344514571130276
    },
    "later": {
      "n_observations": 359,
      "n_countries": 16,
      "mean_output_growth": 0.03967566043138504,
      "mean_capital_contribution": 0.019051285460591316,
      "mean_human_capital_contribution": 0.006395856849849224,
      "mean_tfp_contribution": 0.008486510254442692,
      "capital_hc_share_of_growth": 0.6413791738753473,
      "tfp_share_of_growth": 0.21389713900589596,
      "mean_residual": 0.005742013454437256
    }
  },
  "threshold": {
    "capital_human_capital_share_min": 0.6,
    "later_tfp_must_be_below_early_tfp": true
  },
  "countries": [
    {
      "country_iso3": "BRA",
      "country": "Brazil",
      "episode_start": 1964,
      "early_output_growth": 0.031708311289548874,
      "early_capital_hc_share": 0.739925239099186,
      "early_tfp_contribution": 0.015333499759435654,
      "later_tfp_contribution": -0.0023827431723475456,
      "early_observations": 15,
      "later_observations": 24
    },
    {
      "country_iso3": "CHL",
      "country": "Chile",
      "episode_start": 1974,
      "early_output_growth": 0.027943572029471397,
      "early_capital_hc_share": 0.3644088347417703,
      "early_tfp_contribution": 0.018882401287555695,
      "later_tfp_contribution": 0.005552100017666817,
      "early_observations": 10,
      "later_observations": 18
    },
    {
      "country_iso3": "CHN",
      "country": "China",
      "episode_start": 1978,
      "early_output_growth": 0.03946902975440025,
      "early_capital_hc_share": 0.8600446847616213,
      "early_tfp_contribution": 0.00561134098097682,
      "later_tfp_contribution": 0.008991659618914127,
      "early_observations": 14,
      "later_observations": 22
    },
    {
      "country_iso3": "EST",
      "country": "Estonia",
      "episode_start": 1992,
      "early_output_growth": 0.05831984058022499,
      "early_capital_hc_share": 0.42753052948260417,
      "early_tfp_contribution": 0.028127752244472504,
      "later_tfp_contribution": 0.0070069339126348495,
      "early_observations": 13,
      "later_observations": 8
    },
    {
      "country_iso3": "IDN",
      "country": "Indonesia",
      "episode_start": 1967,
      "early_output_growth": 0.04407188668847084,
      "early_capital_hc_share": 0.6231335357543669,
      "early_tfp_contribution": 0.009247275069355965,
      "later_tfp_contribution": 0.010125956498086452,
      "early_observations": 14,
      "later_observations": 24
    },
    {
      "country_iso3": "IND",
      "country": "India",
      "episode_start": 1991,
      "early_output_growth": 0.06233105808496475,
      "early_capital_hc_share": 0.5251195234291262,
      "early_tfp_contribution": 0.013987523503601551,
      "later_tfp_contribution": 0.019370749592781067,
      "early_observations": 15,
      "later_observations": 9
    },
    {
      "country_iso3": "IRL",
      "country": "Ireland",
      "episode_start": 1987,
      "early_output_growth": 0.05043736845254898,
      "early_capital_hc_share": 0.21404518612577514,
      "early_tfp_contribution": 0.025047438219189644,
      "later_tfp_contribution": 0.007087177596986294,
      "early_observations": 15,
      "later_observations": 13
    },
    {
      "country_iso3": "JPN",
      "country": "Japan",
      "episode_start": 1960,
      "early_output_growth": 0.06741278618574142,
      "early_capital_hc_share": 0.6278707408639111,
      "early_tfp_contribution": 0.020911643281579018,
      "later_tfp_contribution": 0.0061779385432600975,
      "early_observations": 15,
      "later_observations": 28
    },
    {
      "country_iso3": "KOR",
      "country": "Republic of Korea",
      "episode_start": 1962,
      "early_output_growth": 0.07241911441087723,
      "early_capital_hc_share": 0.4691635607626352,
      "early_tfp_contribution": 0.02160954475402832,
      "later_tfp_contribution": 0.0163890291005373,
      "early_observations": 15,
      "later_observations": 36
    },
    {
      "country_iso3": "MEX",
      "country": "Mexico",
      "episode_start": 1960,
      "early_output_growth": 0.024960022419691086,
      "early_capital_hc_share": 0.8634819455669309,
      "early_tfp_contribution": 0.00336609804071486,
      "later_tfp_contribution": -0.0034668140579015017,
      "early_observations": 15,
      "later_observations": 23
    },
    {
      "country_iso3": "MYS",
      "country": "Malaysia",
      "episode_start": 1971,
      "early_output_growth": 0.034260332584381104,
      "early_capital_hc_share": 1.6458034946928721,
      "early_tfp_contribution": -0.020637692883610725,
      "later_tfp_contribution": 0.006228521466255188,
      "early_observations": 11,
      "later_observations": 23
    },
    {
      "country_iso3": "POL",
      "country": "Poland",
      "episode_start": 1990,
      "early_output_growth": 0.04495859518647194,
      "early_capital_hc_share": 0.4511100962084624,
      "early_tfp_contribution": 0.018868423998355865,
      "later_tfp_contribution": 0.01090384554117918,
      "early_observations": 15,
      "later_observations": 10
    },
    {
      "country_iso3": "RWA",
      "country": "Rwanda",
      "episode_start": 2000,
      "early_output_growth": 0.04458113759756088,
      "early_capital_hc_share": 0.7555562064109123,
      "early_tfp_contribution": 0.017090873792767525,
      "later_tfp_contribution": null,
      "early_observations": 15,
      "later_observations": 0
    },
    {
      "country_iso3": "SGP",
      "country": "Singapore",
      "episode_start": 1965,
      "early_output_growth": 0.06509146839380264,
      "early_capital_hc_share": 0.7092024348563927,
      "early_tfp_contribution": 0.0020589230116456747,
      "later_tfp_contribution": 7.333227404160425e-05,
      "early_observations": 15,
      "later_observations": 29
    },
    {
      "country_iso3": "THA",
      "country": "Thailand",
      "episode_start": 1961,
      "early_output_growth": 0.06430966407060623,
      "early_capital_hc_share": 0.48747862769343486,
      "early_tfp_contribution": 0.03206869587302208,
      "later_tfp_contribution": 0.014606311917304993,
      "early_observations": 15,
      "later_observations": 36
    },
    {
      "country_iso3": "TUR",
      "country": "Turkey",
      "episode_start": 1980,
      "early_output_growth": 0.019564423710107803,
      "early_capital_hc_share": 1.4307051316837989,
      "early_tfp_contribution": -0.00426341500133276,
      "later_tfp_contribution": 0.0004125306149944663,
      "early_observations": 14,
      "later_observations": 19
    },
    {
      "country_iso3": "TWN",
      "country": "Taiwan",
      "episode_start": 1960,
      "early_output_growth": 0.06852814555168152,
      "early_capital_hc_share": 0.47156816623126757,
      "early_tfp_contribution": 0.03357823193073273,
      "later_tfp_contribution": 0.020789269357919693,
      "early_observations": 15,
      "later_observations": 37
    }
  ],
  "vintages": {
    "pwt_full": "data/vintages/pwt/pwt_full@2026-04-30T142427Z.parquet"
  },
  "sha256": {
    "pwt_full": "f081fc093bc4aee806a81d69feb34b9fb8f738bad207fcc7853fe8557731bbc0"
  }
}
