{
  "hypothesis_id": "catch_up_capital_deepening_not_tfp",
  "verdict": "supported",
  "reason": "Early capital+human-capital share 65.0% >= 60% and later TFP contribution falls from 1.28pp/yr to 0.57pp/yr.",
  "metrics": {
    "window_years": 5,
    "early_window_years": 15,
    "n_panel_observations": 691,
    "n_episode_countries": 17,
    "early": {
      "n_observations": 241,
      "n_countries": 17,
      "mean_output_growth": 0.04899998940366133,
      "mean_capital_contribution": 0.025863667083597993,
      "mean_human_capital_contribution": 0.005982082278627097,
      "mean_tfp_contribution": 0.012805014784327605,
      "capital_hc_share_of_growth": 0.6499133928352553,
      "tfp_share_of_growth": 0.26132688884562905,
      "mean_residual": 0.004349225257108633
    },
    "later": {
      "n_observations": 359,
      "n_countries": 16,
      "mean_output_growth": 0.03967566036217326,
      "mean_capital_contribution": 0.021860360113778503,
      "mean_human_capital_contribution": 0.006395856580016215,
      "mean_tfp_contribution": 0.005676565104546514,
      "capital_hc_share_of_growth": 0.7121801234273638,
      "tfp_share_of_growth": 0.14307424382427034,
      "mean_residual": 0.0057428785638320295
    }
  },
  "threshold": {
    "capital_human_capital_share_min": 0.6,
    "later_tfp_must_be_below_early_tfp": true
  },
  "countries": [
    {
      "country_iso3": "BRA",
      "country": "Brazil",
      "episode_start": 1964,
      "early_output_growth": 0.031708305454370825,
      "early_capital_hc_share": 0.7733184405265928,
      "early_tfp_contribution": 0.0142746641847324,
      "later_tfp_contribution": -0.00411032892109391,
      "early_observations": 15,
      "later_observations": 24
    },
    {
      "country_iso3": "CHL",
      "country": "Chile",
      "episode_start": 1974,
      "early_output_growth": 0.027943583886366953,
      "early_capital_hc_share": 0.39491013151979204,
      "early_tfp_contribution": 0.018030078071157744,
      "later_tfp_contribution": 0.004083929927088277,
      "early_observations": 10,
      "later_observations": 18
    },
    {
      "country_iso3": "CHN",
      "country": "China",
      "episode_start": 1978,
      "early_output_growth": 0.039469027063337395,
      "early_capital_hc_share": 0.9050940286178204,
      "early_tfp_contribution": 0.003830779696505619,
      "later_tfp_contribution": 0.006583944327873064,
      "early_observations": 14,
      "later_observations": 22
    },
    {
      "country_iso3": "EST",
      "country": "Estonia",
      "episode_start": 1992,
      "early_output_growth": 0.05831982337955028,
      "early_capital_hc_share": 0.46879334891348134,
      "early_tfp_contribution": 0.02568604465969021,
      "later_tfp_contribution": 0.0054161505119721485,
      "early_observations": 13,
      "later_observations": 8
    },
    {
      "country_iso3": "IDN",
      "country": "Indonesia",
      "episode_start": 1967,
      "early_output_growth": 0.04407188122257479,
      "early_capital_hc_share": 0.6789226564096843,
      "early_tfp_contribution": 0.006788550359281632,
      "later_tfp_contribution": 0.008564022943324633,
      "early_observations": 14,
      "later_observations": 24
    },
    {
      "country_iso3": "IND",
      "country": "India",
      "episode_start": 1991,
      "early_output_growth": 0.06233106050711392,
      "early_capital_hc_share": 0.5627349332806244,
      "early_tfp_contribution": 0.011621082171824372,
      "later_tfp_contribution": 0.017762941099119696,
      "early_observations": 15,
      "later_observations": 9
    },
    {
      "country_iso3": "IRL",
      "country": "Ireland",
      "episode_start": 1987,
      "early_output_growth": 0.0504373775058521,
      "early_capital_hc_share": 0.25843454683624434,
      "early_tfp_contribution": 0.022802964827175545,
      "later_tfp_contribution": 0.005399966514131494,
      "early_observations": 15,
      "later_observations": 13
    },
    {
      "country_iso3": "JPN",
      "country": "Japan",
      "episode_start": 1960,
      "early_output_growth": 0.06741277837317002,
      "early_capital_hc_share": 0.6229183502743046,
      "early_tfp_contribution": 0.0212455041427981,
      "later_tfp_contribution": 0.004571117126038387,
      "early_observations": 15,
      "later_observations": 28
    },
    {
      "country_iso3": "KOR",
      "country": "Republic of Korea",
      "episode_start": 1962,
      "early_output_growth": 0.07241910797144727,
      "early_capital_hc_share": 0.47555040425439676,
      "early_tfp_contribution": 0.021148203251757886,
      "later_tfp_contribution": 0.014419731379294611,
      "early_observations": 15,
      "later_observations": 36
    },
    {
      "country_iso3": "MEX",
      "country": "Mexico",
      "episode_start": 1960,
      "early_output_growth": 0.024959996762162387,
      "early_capital_hc_share": 0.9239041865187518,
      "early_tfp_contribution": 0.0018579847850352287,
      "later_tfp_contribution": -0.00512677225594979,
      "early_observations": 15,
      "later_observations": 23
    },
    {
      "country_iso3": "MYS",
      "country": "Malaysia",
      "episode_start": 1971,
      "early_output_growth": 0.03426033300684537,
      "early_capital_hc_share": 1.7411098461228443,
      "early_tfp_contribution": -0.02390292406641109,
      "later_tfp_contribution": -0.00043642294034887977,
      "early_observations": 11,
      "later_observations": 23
    },
    {
      "country_iso3": "POL",
      "country": "Poland",
      "episode_start": 1990,
      "early_output_growth": 0.04495861686784254,
      "early_capital_hc_share": 0.5228025399488814,
      "early_tfp_contribution": 0.01565134673356777,
      "later_tfp_contribution": 0.008002112076856551,
      "early_observations": 15,
      "later_observations": 10
    },
    {
      "country_iso3": "RWA",
      "country": "Rwanda",
      "episode_start": 2000,
      "early_output_growth": 0.04458113246129667,
      "early_capital_hc_share": 0.7972894106059751,
      "early_tfp_contribution": 0.015230364293556951,
      "later_tfp_contribution": null,
      "early_observations": 15,
      "later_observations": 0
    },
    {
      "country_iso3": "SGP",
      "country": "Singapore",
      "episode_start": 1965,
      "early_output_growth": 0.06509150622859705,
      "early_capital_hc_share": 0.7684134456363451,
      "early_tfp_contribution": -0.0018152287748742957,
      "later_tfp_contribution": -0.0033818307045519825,
      "early_observations": 15,
      "later_observations": 29
    },
    {
      "country_iso3": "THA",
      "country": "Thailand",
      "episode_start": 1961,
      "early_output_growth": 0.06430967330974172,
      "early_capital_hc_share": 0.5027830359910471,
      "early_tfp_contribution": 0.03108446810015663,
      "later_tfp_contribution": 0.00976406304061705,
      "early_observations": 15,
      "later_observations": 36
    },
    {
      "country_iso3": "TUR",
      "country": "Turkey",
      "episode_start": 1980,
      "early_output_growth": 0.019564444110082336,
      "early_capital_hc_share": 1.5868271734274177,
      "early_tfp_contribution": -0.007320729158587251,
      "later_tfp_contribution": -0.003364454316626225,
      "early_observations": 14,
      "later_observations": 19
    },
    {
      "country_iso3": "TWN",
      "country": "Taiwan",
      "episode_start": 1960,
      "early_output_growth": 0.0685281316827612,
      "early_capital_hc_share": 0.4829045832783434,
      "early_tfp_contribution": 0.03280137654461104,
      "later_tfp_contribution": 0.017582910161476114,
      "early_observations": 15,
      "later_observations": 37
    }
  ],
  "vintages": {
    "pwt_full": "data/vintages/pwt/pwt_full@2026-05-05T195237Z.parquet"
  },
  "sha256": {
    "pwt_full": "a125939373ac2662c8c9b5031bba3b62b3fc50d069fa140e81da551ebef3c844"
  }
}
