{
  "coefficients": {
    "frontier_gap_lag": {
      "ci_hi": 6.998685760009687,
      "ci_lo": 0.0598112324757456,
      "estimate": 3.5292484962427166,
      "p": 0.0461790859648354,
      "se": 1.7701535799297587
    }
  },
  "n_countries": 14,
  "n_obs": 527,
  "run_id": "oecd_pdb_small_open_economy_frontier_convergence",
  "status": "SUPPORTED"
}
