{
  "coefficients": {
    "frontier_gap_lag": {
      "ci_hi": 6.998685760009687,
      "ci_lo": 0.0598112324757456,
      "estimate": 3.5292484962427166,
      "p": 0.0461790859648354,
      "se": 1.7701535799297587
    }
  },
  "formula": "lp_growth ~ frontier_gap_lag + C(country) + C(year)",
  "n_countries": 14,
  "n_obs": 527,
  "r2": 0.42798450387661924,
  "sample_max_year": 2025,
  "sample_min_year": 1971,
  "status": "SUPPORTED"
}
