{
  "coefficients": {
    "pmr_decline_2018_2023": {
      "ci_hi": 0.9568240537321648,
      "ci_lo": -4.611780303766026,
      "estimate": -1.8274781250169305,
      "p": 0.19829535721801395,
      "se": 1.4205884397424218
    }
  },
  "n_countries": 31,
  "n_obs": 31,
  "run_id": "oecd_pdb_market_reform_productivity_compounder",
  "status": "REFUTED_OR_WEAK"
}
