{
  "coefficients": {
    "pmr_decline_2018_2023": {
      "ci_hi": 0.9568240537321648,
      "ci_lo": -4.611780303766026,
      "estimate": -1.8274781250169305,
      "p": 0.19829535721801395,
      "se": 1.4205884397424218
    }
  },
  "formula": "lp_growth_2018_2024 ~ pmr_decline_2018_2023",
  "n_countries": 31,
  "n_obs": 31,
  "r2": 0.023464613695101444,
  "sample_max_year": null,
  "sample_min_year": null,
  "status": "REFUTED_OR_WEAK"
}
