{
  "verdict": "partial \u2014 Only the rent-burden primary held; the HPI-no-runaway primary failed. AT overburden gap -2.8pp; AT cum HPI log-change +74.6% vs pool +43.5% (+31.1pp).",
  "all_pass": false,
  "method_valid": true,
  "primary1_burden_lower": true,
  "primary2_no_hpi_runaway": false,
  "rent_burden": {
    "at_mean_overburden_pct": 18.413333333333334,
    "pool_unweighted_mean_overburden_pct": 21.205238095238094,
    "gap_pp": -2.7919047619047603,
    "threshold_pp": -2.0,
    "at_years": 15,
    "n_comparators": 10,
    "pool_country_means": {
      "BE": 19.5,
      "CZ": 21.973333333333336,
      "DE": 26.086666666666666,
      "DK": 27.933333333333334,
      "ES": 18.046666666666667,
      "FR": 17.985714285714288,
      "IE": 16.32,
      "IT": 16.246666666666666,
      "NL": 25.326666666666664,
      "SE": 22.633333333333333
    }
  },
  "hpi": {
    "at_cum_log_change": 0.7461190653260505,
    "pool_unweighted_mean_cum_log_change": 0.43527397619480956,
    "gap_pp": 31.084508913124097,
    "threshold_pp": 5.0,
    "n_comparators": 10,
    "pool_cum_log_changes": {
      "DE": 0.5681506903852593,
      "FR": 0.23680974207802397,
      "NL": 0.5757140836678492,
      "BE": 0.4272265998896767,
      "DK": 0.4495457873433386,
      "SE": 0.5794744360713686,
      "IE": 0.5485259509488163,
      "ES": 0.17479329037316216,
      "IT": -0.055512709930259696,
      "CZ": 0.8480118911208603
    }
  },
  "rent_cpi_informative": {
    "at_mean_yoy_pct": 3.899444444444445,
    "pool_mean_yoy_pct": 2.1100555555555554,
    "gap_pp": 1.7893888888888898
  },
  "period": [
    2010,
    2024
  ],
  "treated": "AUT",
  "comparators_iso3": [
    "DEU",
    "FRA",
    "NLD",
    "BEL",
    "DNK",
    "SWE",
    "IRL",
    "ESP",
    "ITA",
    "CZE"
  ]
}
