{
  "verdict": "SUPPORTED \u2014 Maddison MPD2020 KOR/PRK GDP-pc ratio at 2023 is 33.0x (log-gap +3.50, threshold \u2265 3.00 for SUPPORTED). At 1943 the ratio was 0.68x (log-gap -0.38). Cumulative log-growth: KOR +3.21, PRK -0.67; gap +3.88 log-points over 80 years.",
  "method_valid": true,
  "endpoint_year": 2023,
  "pre_window_year": 1943,
  "pre_window_mode": "latest_pre_division_1943",
  "n_years_window": 80,
  "kor_gdppc_endpoint": 41800.0,
  "prk_gdppc_endpoint": 1265.0,
  "kor_gdppc_pre": 1685.9387,
  "prk_gdppc_pre": 2462.0046,
  "ratio_endpoint": 33.04347826086956,
  "ratio_pre": 0.6847829203893444,
  "log_gap_endpoint": 3.4978242173512273,
  "log_gap_pre": -0.3786533954858706,
  "kor_cumulative_log_growth": 3.21057383885639,
  "prk_cumulative_log_growth": -0.6659037739807081,
  "growth_gap_log_points": 3.876477612837098,
  "kor_annualised_log_growth": 0.04013217298570487,
  "prk_annualised_log_growth": -0.00832379717475885,
  "life_expectancy_endpoint_year": 2024,
  "kor_life_expectancy": 83.6292682926829,
  "prk_life_expectancy": 73.743,
  "life_expectancy_gap_years": 9.8862682926829,
  "wdi_kor_gdp_pc_2023_const_usd": 36347.7036392553,
  "bok_ratio_endpoint": 40.25296442687747,
  "thresholds": {
    "ratio_refute_below": 10.0,
    "ratio_support_above": 20.0,
    "log_gap_refute_below": 2.302585092994046,
    "log_gap_support_above": 2.995732273553991,
    "pre_window_log_gap_informative_max": 0.3
  },
  "falsification_components": {
    "endpoint_log_gap_supported": true,
    "endpoint_log_gap_refuted": false,
    "informative_pre_window_small": false
  }
}
