{
  "verdict": "SUPPORTED \u2014 cumulative gap -1.57 log-points by 2020 (~-79%), 5.2\u00d7 the -0.30 threshold. Nested-phase sum -0.75 (directionally consistent); reported as informative mechanism colour, not gating the verdict. Pre-trend lead |t|=4.03 runs OPPOSITE to treatment (pre: +0.231, treatment: -1.57); the observed divergence is therefore a lower bound on the true policy effect, not an overstated one.",
  "all_pass": true,
  "primary_nested_did": {
    "n_obs": 196,
    "r2_within": 0.023565129001065,
    "coefs": {
      "ven_post_chavismo": {
        "estimate": 0.5464682901949905,
        "se": 0.0999281624140866,
        "ci_lo": 0.34912000635539775,
        "ci_hi": 0.7438165740345833,
        "p": 1.7132547514009389e-07,
        "t": 5.468611420377289
      },
      "ven_post_pdvsa": {
        "estimate": -0.10471726440606094,
        "se": 0.09168642512220725,
        "ci_lo": -0.28578892841080444,
        "ci_hi": 0.07635439959868257,
        "p": 0.2551087964430572,
        "t": -1.1421239760028283
      },
      "ven_post_maduro": {
        "estimate": -1.1904698047156894,
        "se": 0.07151274423779175,
        "ci_lo": -1.3317004348708426,
        "ci_hi": -1.0492391745605363,
        "p": 0.0,
        "t": -16.64696016638908
      }
    }
  },
  "pretrend_check": {
    "n_obs": 196,
    "r2_within": 0.011278963929710173,
    "coefs": {
      "ven_lead_1999": {
        "estimate": 0.23101896750263468,
        "se": 0.057368264550460055,
        "ci_lo": 0.11771686228243344,
        "ci_hi": 0.3443210727228359,
        "p": 8.728719707828958e-05,
        "t": 4.0269471163701445
      },
      "ven_post_chavismo": {
        "estimate": 0.5628914395435192,
        "se": 0.09742437265649173,
        "ci_lo": 0.37047867251570077,
        "ci_hi": 0.7553042065713376,
        "p": 3.8800389567938964e-08,
        "t": 5.777727114838258
      },
      "ven_post_pdvsa": {
        "estimate": -0.10471726440606093,
        "se": 0.09197429529717224,
        "ci_lo": -0.28636614928993354,
        "ci_hi": 0.0769316204778117,
        "p": 0.2566037672464567,
        "t": -1.1385492443047887
      },
      "ven_post_maduro": {
        "estimate": -1.1904698047156894,
        "se": 0.07173727459949487,
        "ci_lo": -1.3321506503639522,
        "ci_hi": -1.0487889590674266,
        "p": 0.0,
        "t": -16.594856876874882
      }
    }
  },
  "descriptive_gap_2020": {
    "baseline_gap_1996_1998": 0.004882822386977755,
    "gap_target_year": -1.5629409316240448,
    "cumulative_divergence": -1.5678237540110225,
    "full_gap_series": {
      "1996": -0.08494424695565961,
      "1997": 0.008065315171155163,
      "1998": 0.09152739894543771,
      "1999": 0.29326981251495177,
      "2000": 0.4267656809118865,
      "2001": 0.4531340303024187,
      "2002": 0.17385165398219726,
      "2003": -0.00945406191919318,
      "2004": 0.11868666120751747,
      "2005": 0.17949518077008975,
      "2006": 0.23651169182372733,
      "2007": 0.3473564836575367,
      "2008": 0.4840129318479782,
      "2009": 0.3997615035845925,
      "2010": 0.36531493889870426,
      "2011": 0.2132933969253905,
      "2012": 0.31430942189924593,
      "2013": -0.09686981845577058,
      "2014": -0.2911825652218667,
      "2015": -0.6865912319852203,
      "2016": -0.7718247743452835,
      "2017": -0.8203275674654904,
      "2018": -0.9126752367897009,
      "2019": -1.1857471470435117,
      "2020": -1.5629409316240448,
      "2021": -1.4070010732552012,
      "2022": -0.9987647594894487,
      "2023": -0.947262459719111
    }
  },
  "descriptive_gap_2023": {
    "baseline_gap_1996_1998": 0.004882822386977755,
    "gap_target_year": -0.947262459719111,
    "cumulative_divergence": -0.9521452821060888,
    "full_gap_series": {
      "1996": -0.08494424695565961,
      "1997": 0.008065315171155163,
      "1998": 0.09152739894543771,
      "1999": 0.29326981251495177,
      "2000": 0.4267656809118865,
      "2001": 0.4531340303024187,
      "2002": 0.17385165398219726,
      "2003": -0.00945406191919318,
      "2004": 0.11868666120751747,
      "2005": 0.17949518077008975,
      "2006": 0.23651169182372733,
      "2007": 0.3473564836575367,
      "2008": 0.4840129318479782,
      "2009": 0.3997615035845925,
      "2010": 0.36531493889870426,
      "2011": 0.2132933969253905,
      "2012": 0.31430942189924593,
      "2013": -0.09686981845577058,
      "2014": -0.2911825652218667,
      "2015": -0.6865912319852203,
      "2016": -0.7718247743452835,
      "2017": -0.8203275674654904,
      "2018": -0.9126752367897009,
      "2019": -1.1857471470435117,
      "2020": -1.5629409316240448,
      "2021": -1.4070010732552012,
      "2022": -0.9987647594894487,
      "2023": -0.947262459719111
    }
  },
  "falsification_components": {
    "primary_cumulative_gap_2020_meets_threshold": true,
    "informative_phase_sum_negative": true,
    "informative_phase_sum": -0.7487187789267598,
    "method_valid_pretrend_gate": true,
    "pretrend_lead_1999_abs_t": 4.0269471163701445,
    "pretrend_lead_1999_estimate": 0.23101896750263468,
    "pretrend_same_direction_as_treatment": null
  }
}
