{
  "verdict": "partial \u2014 Housing leg met the >=6/10 + positive-mean thresholds but equities did not. Equities: 5/9 non-negative, mean lag-1 corr = +0.198. Housing: 6/10 non-negative, mean = +0.108. Spec's asymmetry clause is consistent with this outcome but the symmetric-claim formulation is not fully supported.",
  "all_pass": false,
  "any_pass": true,
  "equity_supported": false,
  "housing_supported": true,
  "thresholds": {
    "min_countries_nonneg_lag": 6,
    "min_panel_mean_lag_corr": 0.0
  },
  "equity": {
    "n_countries_nonneg_lag1": 5,
    "n_countries_with_data": 9,
    "panel_mean_lag1_corr": 0.19778102879594414,
    "panel_mean_contemp_corr": -0.18714109776962137,
    "country_lag1_corr": {
      "USA": 0.6668112515632196,
      "GBR": -0.02854225729928175,
      "JPN": -0.09525227684434857,
      "AUS": 0.3946585028581824,
      "DEU": 0.3742225532713895,
      "FRA": -0.09601706693798798,
      "ITA": 0.17672865513011943,
      "ESP": 0.3978990788178128,
      "NLD": -0.010479181395608304
    },
    "country_contemp_corr": {
      "USA": 0.040998864906804974,
      "GBR": -0.21216479258842183,
      "JPN": 0.3304468531783973,
      "AUS": -0.6684252547237405,
      "DEU": -0.4863016335922009,
      "FRA": -0.29998339789778916,
      "ITA": 0.08186781657085401,
      "ESP": -0.4430312729809964,
      "NLD": -0.02767706279949977
    }
  },
  "housing": {
    "n_countries_nonneg_lag1": 6,
    "n_countries_with_data": 10,
    "panel_mean_lag1_corr": 0.10771901156950885,
    "panel_mean_contemp_corr": 0.34040733683230645,
    "country_lag1_corr": {
      "USA": 0.0902575481267767,
      "GBR": 0.16992399175148284,
      "JPN": 0.6900228720060205,
      "AUS": -0.028548484242108645,
      "CAN": -0.17617262510902063,
      "DEU": 0.11603670967464584,
      "FRA": -0.06017214317725299,
      "ITA": 0.02674807713398577,
      "ESP": 0.3017058374448245,
      "NLD": -0.05261166791426549
    },
    "country_contemp_corr": {
      "USA": 0.19583226298730558,
      "GBR": 0.29311259586672767,
      "JPN": 0.2325006686611288,
      "AUS": 0.3394655484732808,
      "CAN": 0.06656633068507734,
      "DEU": 0.34882600633943717,
      "FRA": 0.7070220706915538,
      "ITA": 0.314634146127326,
      "ESP": 0.657111347437532,
      "NLD": 0.24900239105369523
    }
  },
  "data_period": [
    2008,
    2020
  ],
  "spec_period": [
    2008,
    2025
  ],
  "n_country_year_obs": 130
}
