{
  "verdict": "refuted \u2014 Only 0 of 3 primaries hold. Failed: life-expectancy, infant-mortality, 1950s growth. UK 1950s growth +1.69%/yr; LE gain +3.29y (peer-mean +4.45y); IMR cut 41.4% (peer-mean 53.5%).",
  "n_primary_pass": 0,
  "primary1_life_expectancy": false,
  "primary2_infant_mortality": false,
  "primary3_growth": false,
  "uk_life_expectancy_1948": 68.37,
  "uk_life_expectancy_1969": 71.6625,
  "uk_le_gain_years": 3.2924999999999898,
  "peer_le_mean_gain_years": 4.453374999999998,
  "peer_le_sd_gain_years": 1.802350602288975,
  "uk_le_lag_vs_peer_mean": 1.1608750000000079,
  "uk_le_sd_distance_from_peer_mean": -0.6440894454861907,
  "le_lag_tolerance": 1.0,
  "le_uk_min_gain": 3.0,
  "peer_le_gains": {
    "FRA": 5.426299999999998,
    "NLD": 2.5202999999999918,
    "BEL": 5.754899999999992,
    "ITA": 7.443899999999999,
    "SWE": 3.383499999999998,
    "DNK": 3.154600000000002,
    "NOR": 2.535899999999998,
    "CHE": 5.407600000000002
  },
  "uk_imr_base": 3.145908,
  "uk_imr_base_year": 1950,
  "uk_imr_end": 1.8444455,
  "uk_imr_end_year": 1969,
  "uk_imr_reduction_fraction": 0.4137001145615193,
  "peer_imr_mean_reduction": 0.535160805518041,
  "peer_imr_sd_reduction": 0.07015922938418916,
  "uk_imr_lag_vs_peer_mean": 0.12146069095652173,
  "uk_imr_sd_distance_from_peer_mean": -1.7312147243152831,
  "imr_uk_min_reduction": 0.4,
  "imr_lag_tolerance": 0.1,
  "peer_imr_reductions": {
    "FRA": 0.6705857268599681,
    "NLD": 0.48630026796292414,
    "BEL": 0.5998060800785406,
    "ITA": 0.5630546982906696,
    "SWE": 0.4674536591294678,
    "DNK": 0.5008157429102138,
    "NOR": 0.49218629260198293,
    "CHE": 0.5010839763105605
  },
  "uk_1950s_mean_growth": 0.01693408453212335,
  "peer_1950s_mean_growth": {
    "DEU": 0.07825135215631765,
    "FRA": 0.03442695470812449,
    "NLD": 0.027444538081950222,
    "BEL": 0.02409117925278643,
    "ITA": 0.055209778679870425,
    "SWE": 0.026584469154606792,
    "DNK": 0.02851912906791938,
    "NOR": 0.027387499802453162,
    "CHE": 0.034612656494388896
  },
  "growth_threshold": 0.02,
  "method_issues": []
}
