{
  "verdict": "SUPPORTED \u2014 post-1991 annualised log-growth +4.67%/yr vs pre-1991 +1.96%/yr; acceleration +2.70pp/yr (threshold +2.00pp/yr).",
  "primary_pass": true,
  "informative_pass_robustness": false,
  "pre_window_years": [
    1965,
    1990
  ],
  "post_window_years": [
    1992,
    2019
  ],
  "pre_trim_window_years": [
    1975,
    1990
  ],
  "pre_annualised_log_growth": 0.019614684861067034,
  "post_annualised_log_growth": 0.0466617994506574,
  "pre_trim_annualised_log_growth": 0.023135022257770584,
  "acceleration_log_points_per_year": 0.027047114589590363,
  "acceleration_trim_robustness": 0.023526777192886813,
  "pre_cumulative_log_growth": 0.49036712152667583,
  "post_cumulative_log_growth": 1.2598685851677498
}
