{
  "coefficients": {
    "capital_deepening": {
      "ci_hi": 0.31419957629985384,
      "ci_lo": 0.23628981507878133,
      "estimate": 0.2752446956893176,
      "p": 1.2975594761135403e-43,
      "se": 0.019875304300388887
    },
    "tfp_contribution": {
      "ci_hi": 1.0130833333739968,
      "ci_lo": 0.9567229743521407,
      "estimate": 0.9849031538630688,
      "p": 0.0,
      "se": 0.014377906805027926
    }
  },
  "n_countries": 17,
  "n_obs": 483,
  "run_id": "oecd_pdb_capital_deepening_without_tfp_limit",
  "status": "SUPPORTED"
}
