{
  "verdict": "SUPPORTED \u2014 KOR cumulative GDP-pc growth over its matched decade 1989-1999 (start level $8,878 \u2248 ARG 1991 $8,730) was +0.614 log-points (+84.8%), vs ARG 1991-2001 +0.141 log-points (+15.1%). Gap = +0.473 log-points (+69.6pp), at/above the +0.30 log-point (~+35pp) SUPPORTED threshold.",
  "all_pass": true,
  "primary_log_gap_kor_minus_arg": 0.47282844894040377,
  "supported_threshold_log_points": 0.3,
  "arg_window": [
    1991,
    2001
  ],
  "kor_window": [
    1989,
    1999
  ],
  "arg_start_value": 8729.82318518892,
  "arg_end_value": 10051.9448463043,
  "arg_log_growth": 0.1410210168830336,
  "arg_cum_pct": 15.144884759619215,
  "kor_start_value": 8878.29655251462,
  "kor_end_value": 16402.9168341094,
  "kor_log_growth": 0.6138494658234374,
  "kor_cum_pct": 84.75297301782025,
  "gap_pct_points": 69.60808825820104,
  "matching_method": "KOR start year = year minimising |KOR_GDPpc(year) - ARG_GDPpc(1991)| over WDI NY.GDP.PCAP.KD; closest level was $8,878 in 1989 vs ARG 1991 $8,730.",
  "ppp_robustness": {
    "arg_log_growth_ppp": 0.141021016883038,
    "kor_log_growth_ppp": null,
    "ppp_log_gap_kor_minus_arg": null
  },
  "supplementary_park_era_window": {
    "kor_window": [
      1962,
      1972
    ],
    "kor_start_value": 1087.79362228726,
    "kor_end_value": 2286.93666830827,
    "kor_log_growth": 0.7430617775753907,
    "kor_cum_pct": 110.2362637041041,
    "log_gap_kor_minus_arg": 0.6020407606923571,
    "note": "Park Chung-hee developmental-state era (1962-1972). KOR starting GDP-pc was far below ARG 1991, so this is NOT a level-matched comparator; reported as a secondary check of the developmentalist canonical decade."
  }
}
