{
  "verdict": "NOT SUPPORTED at sectoral aggregate \u2014 none of (ICT log GVA-per-hour, ICT log emp, ICT emp share) shows EU-post-2018 negative differential at p<0.10. This is the falsification path flagged in the YAML notes \u2014 sector aggregate may mask firm-scale-distribution effects, which need v1.1 commercial firm data.",
  "spec_ict_lp": {
    "label": "ict_lp_post_2018",
    "n_obs": 444,
    "r2_within": 0.5382484429743604,
    "coefs": {
      "eu_post_2018": {
        "estimate": -0.04440252591304818,
        "se": 0.07781318847826452,
        "ci_lo": -0.19737876650601072,
        "ci_hi": 0.10857371467991438,
        "p": 0.5685726179493011,
        "t": -0.5706298222884298
      }
    }
  },
  "spec_ict_emp": {
    "label": "ict_emp_post_2018",
    "n_obs": 473,
    "r2_within": 0.5126963809745908,
    "coefs": {
      "eu_post_2018": {
        "estimate": 0.026313265934578705,
        "se": 0.033277814840392585,
        "ci_lo": -0.03909632434985991,
        "ci_hi": 0.09172285621901732,
        "p": 0.4295513531579238,
        "t": 0.790714957120312
      }
    }
  },
  "spec_ict_share": {
    "label": "ict_share_post_2018",
    "n_obs": 473,
    "r2_within": 0.4410828113282873,
    "coefs": {
      "eu_post_2018": {
        "estimate": -0.00019336014041344062,
        "se": 0.000976018536700685,
        "ci_lo": -0.0021117845592583647,
        "ci_hi": 0.0017250642784314833,
        "p": 0.8430528378210029,
        "t": -0.19811113533465424
      }
    }
  },
  "cumulative_dma_dsa": {
    "label": "ict_lp_cumulative",
    "n_obs": 444,
    "r2_within": 0.5380778828233372,
    "coefs": {
      "eu_post_2018": {
        "estimate": -0.046159375932737064,
        "se": 0.0713764358938786,
        "ci_lo": -0.1864824102601055,
        "ci_hi": 0.0941636583946314,
        "p": 0.5181976967511073,
        "t": -0.6467032901638031
      },
      "eu_post_2022": {
        "estimate": 0.004688029147328132,
        "se": 0.034600372998622286,
        "ci_lo": -0.06333483115973608,
        "ci_hi": 0.07271088945439234,
        "p": 0.8922925790094656,
        "t": 0.13549071125663298
      }
    }
  },
  "placebo_pre_2018": {
    "label": "placebo_pre_2018",
    "n_obs": 237,
    "r2_within": 0.3244226857028686,
    "coefs": {
      "eu_post_2014": {
        "estimate": -0.008056037407955439,
        "se": 0.05004956128140367,
        "ci_lo": -0.10675464701292316,
        "ci_hi": 0.09064257219701229,
        "p": 0.8722880715982986,
        "t": -0.16096119929324387
      }
    }
  },
  "n_eu_in_panel": 22,
  "n_non_eu_in_panel": 7,
  "period": [
    2010,
    2024
  ],
  "n_negative_at_p10": 0
}
