{
  "verdict": "WEAKENED \u2014 both proxy specs (GDP-pc PPP \u03b2=-0.034 p=0.050; GDP-pc constant LCU \u03b2=-0.035 p=0.047) show negative Canadian post-2015 trajectory, but the YAML's true two-spec rule requires OECD household disposable income + WDI GNI-per-capita PPP, neither of which is present in the local vintages. Both available proxies measure pre-tax-and-transfer aggregate output rather than household disposable income. Verdict capped at WEAKENED pending v1.1 OECD Household Dashboard fetcher.",
  "data_gate_status": "OECD household disposable income unavailable; WDI GNI-pc PPP also unavailable; falling back to GDP-pc PPP + GDP-pc constant LCU",
  "proxy_ppp_twfe": {
    "n_obs": 168,
    "r2_within": 0.028646278871261255,
    "coefs": {
      "canada_post_2015": {
        "estimate": -0.034337273998088017,
        "se": 0.017360523397981303,
        "ci_lo": -0.06866876413046949,
        "ci_hi": -5.783865706543434e-06,
        "p": 0.04996195709517015,
        "t": -1.9778939385019223
      }
    }
  },
  "proxy_kd_twfe": {
    "n_obs": 168,
    "r2_within": 0.12906880010453836,
    "coefs": {
      "canada_post_2015": {
        "estimate": -0.034513465621283615,
        "se": 0.017212340981099954,
        "ci_lo": -0.06855191601826482,
        "ci_hi": -0.0004750152243024053,
        "p": 0.046930815275531,
        "t": -2.0051581396848457
      }
    }
  }
}
