{
  "verdict": "SUPPORTED \u2014 AUS log GDP per capita rose +2.06pp 2007\u21922010 vs donor-mean -1.78pp; DiD = +3.84pp (\u2265 2.0pp threshold). Pre-trend 2003\u21922007 DiD = -0.84pp (smaller). Donor pool: 12 countries excluding USA (ARRA).",
  "method": "did_peer_mean_downgrade_from_synthetic_control",
  "treated": "AUS",
  "donors_primary": [
    "CAN",
    "GBR",
    "NZL",
    "DEU",
    "FRA",
    "ITA",
    "JPN",
    "KOR",
    "CHE",
    "NOR",
    "SWE",
    "NLD"
  ],
  "donors_excluded_for_comparable_stimulus": [
    "USA"
  ],
  "donors_robust_with_usa": [
    "CAN",
    "GBR",
    "USA",
    "NZL",
    "DEU",
    "FRA",
    "ITA",
    "JPN",
    "KOR",
    "CHE",
    "NOR",
    "SWE",
    "NLD"
  ],
  "pre_year": 2007,
  "post_year": 2010,
  "pre_pre_year": 2003,
  "primary_threshold_pp": 0.02,
  "min_donors_required": 8,
  "method_valid": true,
  "aus_dlog_gdp_pc_2007_2010": 0.020613793246784695,
  "donor_mean_dlog_gdp_pc_2007_2010": -0.017778119420885325,
  "primary_did_log_gdp_pc": 0.03839191266767002,
  "primary_did_log_gdp_pc_with_usa": 0.03895196892976161,
  "donor_dlogs_gdp_pc": {
    "CAN": -0.022638622724041824,
    "GBR": -0.048373257392478664,
    "NZL": -0.025717736857187035,
    "DEU": -0.001720385497337773,
    "FRA": -0.020695256910839177,
    "ITA": -0.0675520308395452,
    "JPN": -0.03131285013615148,
    "KOR": 0.08753175405460212,
    "CHE": 0.0007535570578909301,
    "NOR": -0.044478306039236415,
    "SWE": -0.021681952780600255,
    "NLD": -0.017452344985699142
  },
  "aus_dlog_gdp_pc_2003_2007": 0.08230818618368829,
  "donor_mean_dlog_gdp_pc_2003_2007": 0.09068066766849636,
  "pre_trend_did_log_gdp_pc": -0.00837248148480807,
  "aus_d_unemp_2007_2010_pp": 0.8330000000000002,
  "donor_mean_d_unemp_2007_2010_pp": 1.3645000000000003,
  "unemp_did_pp": -0.5315000000000001,
  "aus_d_cpi_inflation_2007_2010_pp": 0.5907225948906101,
  "donor_mean_d_cpi_inflation_2007_2010_pp": -0.1582725670536742,
  "cpi_did_pp": 0.7489951619442843
}
