{
  "verdict": "PARTIAL \u2014 directional but does not meet all three thresholds; \u0394growth=+1.11pp, \u0394gini=+8.6, \u0394debt=+4.4pp.",
  "note_gini_proxy": "NOTE: spec calls for wealth Gini; this run uses disposable-income Gini (SI.POV.GINI) as proxy because wealth Gini is data-gated.",
  "spec_growth": {
    "n_obs": 525,
    "r2_within": 0.08480352279636894,
    "coefs": {
      "arch_forced_saving": {
        "estimate": 1.2036783694526372,
        "se": 0.28677898483292813,
        "ci_lo": 0.6401568967025494,
        "ci_hi": 1.767199842202725,
        "p": 3.229531701087751e-05,
        "t": 4.197233525161813
      },
      "log_population": {
        "estimate": -2.3865020213109065,
        "se": 2.6389272206983723,
        "ci_lo": -7.572001072974659,
        "ci_hi": 2.798997030352847,
        "p": 0.36627355594571687,
        "t": -0.9043455244208427
      },
      "urbanisation": {
        "estimate": -0.06434337767523575,
        "se": 0.031185716939484194,
        "ci_lo": -0.12562339492874428,
        "ci_hi": -0.0030633604217272306,
        "p": 0.0396368501304849,
        "t": -2.0632322739314897
      },
      "trade_openness": {
        "estimate": 0.02864355328408771,
        "se": 0.010259363862519978,
        "ci_lo": 0.00848387583542667,
        "ci_hi": 0.048803230732748754,
        "p": 0.005451862694591858,
        "t": 2.791942431121853
      }
    }
  },
  "spec_gini": {
    "n_obs": 321,
    "r2_within": -0.30309923713986686,
    "coefs": {
      "arch_forced_saving": {
        "estimate": 5.157390615484904,
        "se": 1.8015589022094172,
        "ci_lo": 1.6104418611714841,
        "ci_hi": 8.704339369798324,
        "p": 0.0045304288630845235,
        "t": 2.86273771518651
      },
      "log_population": {
        "estimate": -11.847862012474181,
        "se": 5.200793897802315,
        "ci_lo": -22.0872993212558,
        "ci_hi": -1.608424703692565,
        "p": 0.023505910412589426,
        "t": -2.2780872007792308
      },
      "urbanisation": {
        "estimate": -0.04434626203621604,
        "se": 0.08202910400345703,
        "ci_lo": -0.20584696451432288,
        "ci_hi": 0.11715444044189081,
        "p": 0.5892194994709095,
        "t": -0.5406161943978702
      },
      "trade_openness": {
        "estimate": -0.0021281553765079256,
        "se": 0.015175604879739773,
        "ci_lo": -0.03200621973406656,
        "ci_hi": 0.027749908981050706,
        "p": 0.8885790349722713,
        "t": -0.1402352916653177
      }
    }
  },
  "spec_debt": {
    "n_obs": 483,
    "r2_within": -0.4117412495745374,
    "coefs": {
      "arch_forced_saving": {
        "estimate": 4.069232393599251,
        "se": 5.057268337602596,
        "ci_lo": -5.870874661292517,
        "ci_hi": 14.00933944849102,
        "p": 0.42147861271150244,
        "t": 0.8046305083997729
      },
      "log_population": {
        "estimate": -37.70753433891921,
        "se": 60.627256719503876,
        "ci_lo": -156.87096052206647,
        "ci_hi": 81.45589184422806,
        "p": 0.5343006697617123,
        "t": -0.6219567959898908
      },
      "urbanisation": {
        "estimate": -1.8116551420141296,
        "se": 0.6925056694912678,
        "ci_lo": -3.172781353111298,
        "ci_hi": -0.4505289309169609,
        "p": 0.009208187528939149,
        "t": -2.616087090442187
      },
      "trade_openness": {
        "estimate": 0.049850404271381786,
        "se": 0.11871999324931055,
        "ci_lo": -0.18349482553969795,
        "ci_hi": 0.2831956340824615,
        "p": 0.6747694640347528,
        "t": 0.4198989816879162
      }
    }
  },
  "cluster_means": {
    "growth_yoy": {
      "forced_saving": 2.470951956073495,
      "hybrid": 1.2301645015676619,
      "tax_transfer": 1.3635107254039847
    },
    "income_gini": {
      "forced_saving": 38.189473684210526,
      "hybrid": 37.11,
      "tax_transfer": 29.59408866995074
    },
    "gross_debt_gdp": {
      "forced_saving": 48.93119266055046,
      "hybrid": 59.93271028037383,
      "tax_transfer": 53.356928838951305
    }
  },
  "deltas": {
    "delta_growth_pp": 1.1074412306695103,
    "delta_gini_points": 8.595385014259787,
    "delta_debt_gdp_pp": 4.425736178400847
  },
  "falsification": {
    "abs_delta_growth_lt_0.5pp": true,
    "abs_delta_gini_lt_5pts": false,
    "delta_debt_ge_10pp": false
  }
}
