{
  "verdict": "refuted \u2014 full-stack 1994-2000 NZ-vs-donor-pool growth gap is -0.69pp/yr (NEGATIVE \u2014 NZ lagged the donor pool even after the RBA Act + FRA). Institutional complements failed to lift growth above the counterfactual; deregulation-only window gap was -1.93pp/yr.",
  "primary_pass": false,
  "primary_refute": true,
  "method_valid": true,
  "method_notes": [],
  "thresholds": {
    "gap_A_ceiling_pp": 0.3,
    "gap_lift_floor_pp": 1.0,
    "early_premium_refute_pp": 1.0
  },
  "windows": {
    "pre_1980_1983": [
      1980,
      1983
    ],
    "A_1984_1988_deregulation_only": [
      1984,
      1988
    ],
    "B_1989_1993_dereg_plus_rba": [
      1989,
      1993
    ],
    "C_1994_2000_full_stack": [
      1994,
      2000
    ]
  },
  "treated": "NZL",
  "donor_pool": [
    "AUS",
    "USA",
    "GBR",
    "CAN"
  ],
  "primary_metrics_real_gdp_pc_growth": {
    "window_pre_1980_1983": {
      "nz_growth_pct": 1.8592841945436283,
      "donor_mean_growth_pct": 0.3169785822317278,
      "donor_n": 4,
      "gap_pp": 1.5423056123119006
    },
    "window_A_1984_1988_deregulation_only": {
      "nz_growth_pct": 1.4175763741497582,
      "donor_mean_growth_pct": 3.3468506251208643,
      "donor_n": 4,
      "gap_pp": -1.929274250971106
    },
    "window_B_1989_1993_dereg_plus_rba": {
      "nz_growth_pct": -0.32454118678383104,
      "donor_mean_growth_pct": 0.6403745369696962,
      "donor_n": 4,
      "gap_pp": -0.9649157237535272
    },
    "window_C_1994_2000_full_stack": {
      "nz_growth_pct": 2.389227796682241,
      "donor_mean_growth_pct": 3.076456776999037,
      "donor_n": 4,
      "gap_pp": -0.6872289803167959
    },
    "lift_C_minus_A_pp": 1.2420452706543101
  },
  "informative_metrics": {
    "pwt_log_tfp": {
      "nz_window_means": {
        "pre": -0.10995617034682309,
        "A": -0.11871421934413048,
        "B": -0.1355865930500265,
        "C": -0.09494472968754679
      },
      "donor_pool_window_means": {
        "pre": {
          "mean_log_tfp": -0.16571387650186198,
          "donor_n": 4
        },
        "A": {
          "mean_log_tfp": -0.13177315652160113,
          "donor_n": 4
        },
        "B": {
          "mean_log_tfp": -0.13082792994345818,
          "donor_n": 4
        },
        "C": {
          "mean_log_tfp": -0.08500502668127641,
          "donor_n": 4
        }
      },
      "log_tfp_gaps_nz_minus_donor": {
        "pre": 0.05575770615503889,
        "A": 0.013058937177470642,
        "B": -0.004758663106568306,
        "C": -0.009939703006270381
      },
      "lift_C_minus_A_log_units": -0.022998640183741023
    },
    "cpi_inflation": {
      "nz_window_means_pct": {
        "pre": 14.006368747738987,
        "A": 11.38437146964829,
        "B": 3.343919319382458,
        "C": 1.8199135516329965
      },
      "donor_pool_window_means_pct": {
        "pre": {
          "mean_pct": 9.782883320011969,
          "donor_n": 4
        },
        "A": {
          "mean_pct": 4.829543341621142,
          "donor_n": 4
        },
        "B": {
          "mean_pct": 4.421533609218313,
          "donor_n": 4
        },
        "C": {
          "mean_pct": 2.132839181823734,
          "donor_n": 4
        }
      },
      "rba_act_check_nz_inflation_drop_b_minus_a": -8.040452150265832
    }
  }
}
