{
  "verdict": "SUPPORTED \u2014 CHN PWT-rtfpna mean log-growth rose from +0.25%/yr (1990-2000) to +1.01%/yr (2002-2019), acceleration +0.76pp/yr (threshold +0.50pp/yr). Exports/GDP rose from 7.2% (1990-2000) to 16.0% (2002-2007), jump +8.7pp (threshold +8pp). Peer-net TFP acceleration -0.18pp/yr (informative threshold +0.30pp/yr) \u2014 does NOT hold.",
  "method_valid": true,
  "primary1_tfp_break_pass": true,
  "primary2_export_share_break_pass": true,
  "informative_peer_net_tfp_pass": false,
  "event_year": 2001,
  "pre_window": [
    1990,
    2000
  ],
  "post_window_full": [
    2002,
    2019
  ],
  "post_window_trade": [
    2002,
    2007
  ],
  "tfp": {
    "pre_mean_log_growth": 0.002484262596435055,
    "post_mean_log_growth": 0.010097783798309341,
    "acceleration_log_pp_per_yr": 0.007613521201874286,
    "threshold_log_pp_per_yr": 0.005
  },
  "exports_pct_gdp": {
    "pre_window_mean_pct": 7.238124683499336,
    "post_window_full_mean_pct": 18.13470563954777,
    "post_window_pregfc_mean_pct": 15.968539814154306,
    "jump_pp_pregfc_minus_pre": 8.73041513065497,
    "threshold_pp": 8.0
  },
  "peer_panel": {
    "countries_requested": [
      "IND",
      "BRA",
      "MEX",
      "IDN",
      "MYS",
      "THA",
      "TUR",
      "ZAF"
    ],
    "n_with_data": 8,
    "peer_mean_acceleration_log_pp_per_yr": 0.009424749105731604,
    "net_acceleration_chn_minus_peer_mean": -0.0018112279038573174,
    "informative_threshold_log_pp_per_yr": 0.003,
    "per_country_acceleration": {
      "IND": 0.009132687364267858,
      "BRA": -0.0032710982543099976,
      "MEX": -0.00018891394783564783,
      "IDN": 0.028864983751559225,
      "MYS": 0.01774849580955616,
      "THA": 0.010023986835751801,
      "TUR": 0.012803465214287445,
      "ZAF": 0.0002843860725759888
    }
  }
}
