{
  "verdict": "weakened \u2014 bands not jointly satisfied. Feldstein wedge -35%; Gini-proxied top-strata residual 0%; compositional residual 135%. Pre-registered top-strata band [0.15, 0.50] violated: True",
  "all_pass": false,
  "period": [
    1973,
    2000
  ],
  "log_real_wage_growth_1973_to_2000": 0.08007930499207994,
  "log_real_gdp_pc_growth_1973_to_2000": 0.5421941423163648,
  "raw_cumulative_log_gap": 0.4621148373242848,
  "channel_feldstein_wedge_share": -0.3498806780229014,
  "gini_1973": 0.3610886335372925,
  "gini_2000": 0.4014140963554382,
  "gini_delta": 0.040325462818145696,
  "top_strata_share_proxy_via_gini": 0.0013089429150869596,
  "compositional_plus_benefit_residual": 1.3485717351078144,
  "thresholds": {
    "compositional_and_measurement": [
      0.5,
      0.85
    ],
    "top_strata": [
      0.15,
      0.5
    ]
  },
  "in_band_compositional_and_measurement": false,
  "in_band_top_strata": false
}
