{
  "verdict": "SUPPORTED \u2014 Treated peripheral states (ITA/ESP/PRT/GRC/IRL) narrowed their inflation gap to the German anchor by 5.81pp from 1985-1991 to 1996-2002, vs only 1.32pp for non-Eurozone controls (GBR/USA/JPN/CAN). DiD = -4.49pp (<= -3.0pp dispositive threshold). Mean treated inflation fell from 9.47% to 3.20%.",
  "method_valid": true,
  "primary_did_pp": -4.489469852186668,
  "primary_did_supported_threshold": -3.0,
  "primary_did_partial_threshold": -1.0,
  "treated_mean_gap_closure_pp": -5.807380375062259,
  "control_mean_gap_closure_pp": -1.3179105228755907,
  "treated_pre_mean_inflation_pct": 9.473534398357799,
  "treated_post_mean_inflation_pct": 3.201258647284231,
  "control_pre_mean_inflation_pct": 3.953594855259224,
  "control_post_mean_inflation_pct": 1.533958860880494,
  "deu_pre_mean_inflation_pct": 1.8549878708916296,
  "deu_post_mean_inflation_pct": 1.3900924948803195,
  "treated_per_country_gap_closure_pp": {
    "ITA": -3.2986341277425733,
    "ESP": -3.446325792649094,
    "PRT": -9.328475783390795,
    "GRC": -13.036940563771743,
    "IRL": 0.07347439224291263
  },
  "control_per_country_gap_closure_pp": {
    "GBR": -3.281765266516719,
    "USA": -1.084770221718728,
    "JPN": 1.2736601909836582,
    "CAN": -2.1787667942505733
  },
  "treated_per_country_pre_inflation_pct": {
    "ITA": 6.257358640093872,
    "ESP": 6.734593213626199,
    "PRT": 12.81365226679506,
    "GRC": 17.971539124657912,
    "IRL": 3.5905287466159543
  },
  "treated_per_country_post_inflation_pct": {
    "ITA": 2.493829136339989,
    "ESP": 2.8233720449657946,
    "PRT": 3.0202811073929543,
    "GRC": 4.4697031848748585,
    "IRL": 3.199107762847557
  },
  "control_per_country_pre_inflation_pct": {
    "GBR": 5.584110105559299,
    "USA": 3.9494170905612314,
    "JPN": 1.7192632804028771,
    "CAN": 4.561588944513487
  },
  "control_per_country_post_inflation_pct": {
    "GBR": 1.8374494630312699,
    "USA": 2.399751492831193,
    "JPN": -0.019292286592091163,
    "CAN": 1.9179267742516044
  },
  "informative_debt_pct_gdp_pre": {
    "ITA": 100.275,
    "ESP": 40.92857142857143,
    "PRT": 62.05,
    "GRC": 59.542857142857144,
    "GBR": 35.400000000000006,
    "JPN": 59.61428571428572,
    "CAN": 71.48571428571428,
    "DEU": 39.0
  },
  "informative_debt_pct_gdp_post": {
    "ITA": 112.21428571428571,
    "ESP": 59.44285714285714,
    "PRT": 57.8,
    "GRC": 105.31428571428572,
    "IRL": 47.18571428571429,
    "GBR": 39.58571428571429,
    "USA": 54.7,
    "JPN": 110.22857142857143,
    "CAN": 88.47142857142858,
    "DEU": 59.042857142857144
  },
  "n_treated_with_data": 5,
  "n_control_with_data": 4,
  "pre_window": [
    1985,
    1991
  ],
  "post_window": [
    1996,
    2002
  ]
}
