{
  "verdict": "partial \u2014 debt-target check passes (87.3% vs target 67.0%, overshoot +20.3pp) but UK output gap to donor mean = -0.0083 log-pts > -0.02 \u2014 output did not fall below counterfactual by the threshold.",
  "method_valid": true,
  "primary_pass": false,
  "primary_output_pass": false,
  "primary_debt_pass": true,
  "uk_log_growth_2009_to_2014": 0.05720694504917279,
  "donor_mean_log_growth_2009_to_2014": 0.06550069746875706,
  "uk_minus_donor_mean_log_gap": -0.008293752419584265,
  "gap_threshold_log": -0.02,
  "synth_control_log_growth": 0.07938672720291215,
  "uk_minus_sc_log_gap": -0.022179782153739357,
  "sc_weights": {
    "USA": 0.11890674127012439,
    "FRA": 0.026414238484821297,
    "JPN": 0.7464498770505164,
    "AUS": 0.017250500832113304,
    "CAN": 0.0909786423624247
  },
  "donor_pool_log_growth": {
    "USA": 0.07073836568693229,
    "FRA": 0.038930718521935644,
    "JPN": 0.08290345770690223,
    "AUS": 0.05712848011348093,
    "CAN": 0.07780246531453422
  },
  "debt_2015_pct_gdp": 87.3,
  "debt_target_2010_for_2015": 67.0,
  "debt_overshoot_pp": 20.299999999999997,
  "debt_overshoot_threshold_pp": 5.0
}