{
  "verdict": "SUPPORTED \u2014 EU-12 vs non-EU OECD DiD around 1993: log GDP PC PPP +4.83 log pp (threshold +2.0) AND trade openness +11.82 pp (threshold +5.0).",
  "method_valid": true,
  "primary1_log_gdp_pc_ppp_did_pass": true,
  "primary2_trade_openness_did_pass": true,
  "thresholds": {
    "gdp_pc_ppp_did_log": 0.02,
    "trade_openness_did_pp": 5.0,
    "min_treated_coverage": 10,
    "min_control_coverage": 4
  },
  "gdp_pc_ppp_did": {
    "treated_pre_mean": 10.576908299745584,
    "treated_post_mean": 10.811362631159342,
    "control_pre_mean": 10.714888860433206,
    "control_post_mean": 10.901063176650718,
    "treated_delta_mean": 0.23445433141375638,
    "control_delta_mean": 0.18617431621751349,
    "did": 0.04828001519624289,
    "n_treated_with_both": 12,
    "n_control_with_both": 6,
    "treated_country_deltas": {
      "BEL": 0.18648067491068865,
      "DEU": 0.13594559483144764,
      "DNK": 0.2055455875852168,
      "ESP": 0.2119800476998268,
      "FRA": 0.15979495050880566,
      "GBR": 0.2812452637654612,
      "GRC": 0.2188728394355106,
      "IRL": 0.5530558481534715,
      "ITA": 0.13433863204325647,
      "LUX": 0.29355881926855076,
      "NLD": 0.23735466559446827,
      "PRT": 0.19527905316837213
    },
    "control_country_deltas": {
      "AUS": 0.25111182605064997,
      "CAN": 0.1995030369186619,
      "CHE": 0.07406182442768738,
      "JPN": 0.08974766988595029,
      "NOR": 0.28570750284964674,
      "USA": 0.2169140371724847
    }
  },
  "trade_openness_did": {
    "treated_pre_mean": 74.45162745239331,
    "treated_post_mean": 93.54580610193347,
    "control_pre_mean": 46.85865586488734,
    "control_post_mean": 54.137369324459684,
    "treated_delta_mean": 19.09417864954016,
    "control_delta_mean": 7.2787134595723435,
    "did": 11.815465189967817,
    "n_treated_with_both": 12,
    "n_control_with_both": 6,
    "treated_country_deltas": {
      "BEL": 18.47004760552764,
      "DEU": 14.87824062445771,
      "DNK": 15.03203266465313,
      "ESP": 15.87856991618763,
      "FRA": 7.627374884287654,
      "GBR": 2.6849977485983487,
      "GRC": 7.400447599032759,
      "IRL": 51.82592474725985,
      "ITA": 8.923585854093133,
      "LUX": 68.01699762119588,
      "NLD": 13.878923287203989,
      "PRT": 4.513001241984192
    },
    "control_country_deltas": {
      "AUS": 8.572862616268996,
      "CAN": 19.882914081329105,
      "CHE": 9.352827970306777,
      "JPN": 1.3637844391124716,
      "NOR": -1.4890035991660966,
      "USA": 5.988895249582811
    }
  },
  "tfp_rtfpna_did_informative": {
    "treated_pre_mean": 0.9071087627074657,
    "treated_post_mean": 1.0015427096217286,
    "control_pre_mean": 0.868075804068492,
    "control_post_mean": 0.9575401258234885,
    "treated_delta_mean": 0.09443394691426289,
    "control_delta_mean": 0.08946432175499643,
    "did": 0.004969625159266466,
    "n_treated_with_both": 12,
    "n_control_with_both": 6,
    "treated_country_deltas": {
      "BEL": 0.09485464236315555,
      "DEU": 0.17276838516218085,
      "DNK": 0.08389742989345905,
      "ESP": -0.0026749450696539334,
      "FRA": 0.11956066945019894,
      "GBR": 0.11172149677621834,
      "GRC": -0.00774311857525567,
      "IRL": 0.27219830217404606,
      "ITA": -0.007750838051014952,
      "LUX": 0.21173372015154734,
      "NLD": 0.0862604042523587,
      "PRT": -0.0016187855560856335
    },
    "control_country_deltas": {
      "AUS": 0.09120200958726632,
      "CAN": 0.03043588281217202,
      "CHE": 0.035292624618133206,
      "JPN": 0.06710481320031636,
      "NOR": 0.20604891771644496,
      "USA": 0.10670168259564572
    }
  },
  "design": {
    "treated": [
      "DEU",
      "FRA",
      "ITA",
      "ESP",
      "NLD",
      "BEL",
      "GBR",
      "IRL",
      "DNK",
      "GRC",
      "PRT",
      "LUX"
    ],
    "controls": [
      "USA",
      "JPN",
      "CAN",
      "AUS",
      "NOR",
      "CHE"
    ],
    "event_year": 1993,
    "pre_window": [
      1980,
      1992
    ],
    "post_window": [
      1994,
      2010
    ],
    "period": [
      1980,
      2010
    ]
  }
}
