{
  "verdict": "refuted \u2014 at least one pre-registered sign is wrong",
  "all_pass": false,
  "falsification_components": {
    "reform_sign_ok": false,
    "reform_sig_p10": false,
    "fd_sign_ok": true,
    "fd_sig_p10": false,
    "placebo_clean": true,
    "placebo_reform_t": 0.045472519408307654,
    "placebo_fd_t": 0.4349640159279211
  },
  "primary_spec": {
    "n_obs": 280,
    "r2_within": 0.2656126512480529,
    "coefs": {
      "reform_post": {
        "estimate": -0.0020147992870793107,
        "se": 0.04430806371179848,
        "ci_lo": -0.08929899999283036,
        "ci_hi": 0.08526940141867173,
        "p": 0.9637686494402731,
        "t_stat": -0.045472519408308154
      },
      "fiscal_dominance_post": {
        "estimate": -0.02659412407036082,
        "se": 0.06114097510716332,
        "ci_lo": -0.14703814025014966,
        "ci_hi": 0.09384989210942803,
        "p": 0.6639810455873776,
        "t_stat": -0.4349640159279212
      }
    }
  },
  "primary_no_covid": {
    "n_obs": 260,
    "r2_within": 0.23268737845643095,
    "coefs": {
      "reform_post": {
        "estimate": -0.0017574308191043472,
        "se": 0.04217515503542126,
        "ci_lo": -0.08487438206402652,
        "ci_hi": 0.08135952042581783,
        "p": 0.9667995405663141,
        "t_stat": -0.04166981289406879
      },
      "fiscal_dominance_post": {
        "estimate": -0.02096633997888729,
        "se": 0.062437510084621776,
        "ci_lo": -0.14401545449190545,
        "ci_hi": 0.10208277453413087,
        "p": 0.737342389317813,
        "t_stat": -0.335797182662658
      }
    }
  },
  "secondary_unemployment": {
    "n_obs": 280,
    "r2_within": -0.10477150366596821,
    "coefs": {
      "reform_post": {
        "estimate": -0.23295613704692203,
        "se": 1.268876913451135,
        "ci_lo": -2.732566770112595,
        "ci_hi": 2.266654496018751,
        "p": 0.8544888999351725,
        "t_stat": -0.1835923836089979
      },
      "fiscal_dominance_post": {
        "estimate": 3.0235188651204417,
        "se": 1.7318679497738119,
        "ci_lo": -0.38815605498360206,
        "ci_hi": 6.435193785224485,
        "p": 0.08212830378432767,
        "t_stat": 1.745813741466446
      }
    }
  },
  "placebo_5y_pre_primary_outcome": {
    "n_obs": 280,
    "r2_within": 0.26561265124805256,
    "coefs": {
      "reform_lead5": {
        "estimate": 0.00201479928707929,
        "se": 0.04430806371179851,
        "ci_lo": -0.08526940141867181,
        "ci_hi": 0.08929899999283039,
        "p": 0.9637686494402735,
        "t_stat": 0.045472519408307654
      },
      "fd_lead5": {
        "estimate": 0.026594124070360832,
        "se": 0.06114097510716336,
        "ci_lo": -0.0938498921094281,
        "ci_hi": 0.14703814025014977,
        "p": 0.6639810455873776,
        "t_stat": 0.4349640159279211
      }
    }
  },
  "event_study_reform": [
    {
      "k": -5,
      "estimate": 0.002734862609077966,
      "se": 0.03947957113946409,
      "ci_lo": -0.07505660007992498,
      "ci_hi": 0.0805263252980809,
      "p": 0.9448331486243013,
      "t_stat": 0.06927285505247487
    },
    {
      "k": -4,
      "estimate": 0.015310198175371157,
      "se": 0.037051872064547124,
      "ci_lo": -0.05769766994672551,
      "ci_hi": 0.08831806629746783,
      "p": 0.6798412305633819,
      "t_stat": 0.41320984129222
    },
    {
      "k": -3,
      "estimate": -0.04965735938035089,
      "se": 0.0578624081522364,
      "ci_lo": -0.1636707905032417,
      "ci_hi": 0.06435607174253993,
      "p": 0.39168482259699333,
      "t_stat": -0.8581972469880967
    },
    {
      "k": -2,
      "estimate": -0.06302309470088478,
      "se": 0.05524368496078699,
      "ci_lo": -0.1718765329069116,
      "ci_hi": 0.045830343505142035,
      "p": 0.25514175332302624,
      "t_stat": -1.1408198918232872
    },
    {
      "k": 0,
      "estimate": -0.06608065219209885,
      "se": 0.04484199553907433,
      "ci_lo": -0.1544383602977824,
      "ci_hi": 0.022277055913584698,
      "p": 0.14195965992443949,
      "t_stat": -1.4736331734950918
    },
    {
      "k": 1,
      "estimate": -0.05980837799440522,
      "se": 0.040446168914523316,
      "ci_lo": -0.13950444735930564,
      "ci_hi": 0.019887691370495203,
      "p": 0.14059656166143286,
      "t_stat": -1.4787155273173318
    },
    {
      "k": 2,
      "estimate": -0.07190638145369734,
      "se": 0.04426712025496968,
      "ci_lo": -0.15913134196553597,
      "ci_hi": 0.01531857905814131,
      "p": 0.10567751216526378,
      "t_stat": -1.6243745027806438
    },
    {
      "k": 3,
      "estimate": -0.06487106189757016,
      "se": 0.042450286343751614,
      "ci_lo": -0.1485160907298735,
      "ci_hi": 0.018773966934733183,
      "p": 0.12785756691610928,
      "t_stat": -1.5281654727193315
    },
    {
      "k": 4,
      "estimate": -0.06236068629422122,
      "se": 0.04169972600224116,
      "ci_lo": -0.14452679362060952,
      "ci_hi": 0.019805421032167085,
      "p": 0.1361746741735006,
      "t_stat": -1.4954699292477278
    },
    {
      "k": 5,
      "estimate": -0.06493548119190573,
      "se": 0.03751282934940435,
      "ci_lo": -0.13885163023983926,
      "ci_hi": 0.008980667856027802,
      "p": 0.08480092308537568,
      "t_stat": -1.7310206219605457
    },
    {
      "k": 6,
      "estimate": -0.06518063492614007,
      "se": 0.0341448459807783,
      "ci_lo": -0.1324604314252548,
      "ci_hi": 0.002099161572974656,
      "p": 0.057524794635503085,
      "t_stat": -1.9089450560952372
    },
    {
      "k": 7,
      "estimate": -0.06029332501164282,
      "se": 0.03292975578063418,
      "ci_lo": -0.12517887959677187,
      "ci_hi": 0.004592229573486234,
      "p": 0.06841043716198247,
      "t_stat": -1.8309678763879875
    },
    {
      "k": 8,
      "estimate": -0.048605838929084745,
      "se": 0.03786820151152996,
      "ci_lo": -0.12322222152801221,
      "ci_hi": 0.026010543669842727,
      "p": 0.20060143287899423,
      "t_stat": -1.2835528752081196
    },
    {
      "k": 9,
      "estimate": -0.05613634611862617,
      "se": 0.03515981389890071,
      "ci_lo": -0.12541605894545982,
      "ci_hi": 0.013143366708207468,
      "p": 0.1117387616871306,
      "t_stat": -1.596605325615256
    },
    {
      "k": 10,
      "estimate": -0.05303272653968535,
      "se": 0.03227815051483259,
      "ci_lo": -0.1166343429953069,
      "ci_hi": 0.010568889915936193,
      "p": 0.10176303589197078,
      "t_stat": -1.6429914878584981
    }
  ],
  "event_study_fd": [
    {
      "k": -5,
      "estimate": 0.09530242088243522,
      "se": 0.031037887081038166,
      "ci_lo": 0.034144648264268884,
      "ci_hi": 0.15646019350060156,
      "p": 0.002396211969318829,
      "t_stat": 3.0705189639232207
    },
    {
      "k": -4,
      "estimate": 0.09154706162610393,
      "se": 0.029590384634321308,
      "ci_lo": 0.033241481403296615,
      "ci_hi": 0.14985264184891126,
      "p": 0.0022228865535764974,
      "t_stat": 3.093811140255348
    },
    {
      "k": -3,
      "estimate": 0.14265573303630238,
      "se": 0.04153134090184902,
      "ci_lo": 0.060821415617364344,
      "ci_hi": 0.22449005045524043,
      "p": 0.0007041477602662827,
      "t_stat": 3.4348935030400427
    },
    {
      "k": -2,
      "estimate": 0.13843908748096165,
      "se": 0.03865655668526846,
      "ci_lo": 0.06226931156205817,
      "ci_hi": 0.21460886339986512,
      "p": 0.00041789043758422295,
      "t_stat": 3.581257601604208
    },
    {
      "k": 0,
      "estimate": 0.13820566359929273,
      "se": 0.023221006763827712,
      "ci_lo": 0.09245045326815263,
      "ci_hi": 0.18396087393043284,
      "p": 9.925610555683306e-09,
      "t_stat": 5.951751575843869
    },
    {
      "k": 1,
      "estimate": 0.14868885405484045,
      "se": 0.01811434039199867,
      "ci_lo": 0.11299593759021667,
      "ci_hi": 0.18438177051946422,
      "p": 1.6653345369377348e-14,
      "t_stat": 8.20835044705896
    },
    {
      "k": 2,