{
  "verdict": "supported - county FE elasticity of food-service employment with respect to state minimum wage is -0.052 (SE 0.015, p=0.000), controlling for total county employment and year shocks.",
  "all_pass": true,
  "method_valid": true,
  "n_counties": 3049,
  "n_states": 53,
  "n_observations": 28892,
  "beta_log_minimum_wage": -0.052392178265075126,
  "std_error": 0.014777391287249524,
  "p_value": 0.0003926688317881233,
  "r2_within": 0.19378815771645708,
  "period": [
    2014,
    2024
  ]
}
