{
  "hypothesis_id": "bis_credit_gap_dsr_joint_crisis_risk_panel_1999_2025",
  "verdict_label": "PARTIAL",
  "verdict_reason": "one of the regression or raw-contrast gates clears, but not both",
  "n_observations": 3366,
  "n_countries": 17,
  "outcome": "fwd_unemployment_change_2y",
  "treatment": "credit_gap_x_high_dsr",
  "coefficient": -1.1245272320894721,
  "standard_error_cluster_country": 0.6651196880747847,
  "p_value": 0.09089142080517092,
  "ci95": [
    -2.4281378661245654,
    0.1790834019456209
  ],
  "raw_treated_minus_control_mean": 0.9496863311089647,
  "control_mean": -0.13113275968039334,
  "treated_mean": 0.8185535714285714,
  "treated_count": 112,
  "gate": {
    "coef_min": 0.4,
    "p_max": 0.1,
    "mean_diff_min": 0.4,
    "min_observations": 450,
    "min_countries": 15
  },
  "run_utc": "2026-05-12T15:48:38+00:00",
  "runner": "scripts/promote_bis_batch04_wave_2026_05_12.py"
}