{
  "verdict": "SUPPORTED \u2014 Germany's debt-to-GDP rose by -6.5pp 2008-2019 vs donor-pool mean +23.4pp (-29.9pp differential, \u226510pp threshold met). Cumulative log-GDP-pc growth: Germany +12.6%, donor mean +8.2% (Germany 153% of donor mean, \u226590% threshold met). N=10 donor countries.",
  "all_pass": true,
  "method_valid": true,
  "pre_trend_clean": true,
  "n_donors_total": 10,
  "n_donors_valid": 10,
  "n_donors_missing": 0,
  "primary1_debt_disciplined": true,
  "deu_delta_debt_pp": -6.5,
  "donor_mean_delta_debt_pp": 23.45,
  "debt_gap_pp": -29.95,
  "debt_gap_threshold_pp": 10.0,
  "primary2_no_output_cost": true,
  "deu_log_growth_2008_2019": 0.12570822087696598,
  "donor_mean_log_growth_2008_2019": 0.08212936497281387,
  "output_ratio_deu_over_donor": 1.5306123567201257,
  "output_gap_pp": 4.357885590415211,
  "output_ratio_threshold": 0.9,
  "deu_pre_trend_log_growth_2000_2008": 0.10549530952535768,
  "donor_mean_pre_trend_log_growth_2000_2008": 0.1149432517420074,
  "pre_trend_gap_pp": -0.9447942216649713,
  "deu_delta_fiscal_balance_pp": 1.6,
  "donor_mean_delta_fiscal_balance_pp": 1.58,
  "country_records": [
    {
      "country": "DEU",
      "treated": 1,
      "debt_pre": 65.2,
      "debt_post": 58.7,
      "delta_debt_pp": -6.5,
      "gdp_pre": 39009.8477636357,
      "gdp_post": 44235.2658954682,
      "log_growth_2008_2019": 0.12570822087696598,
      "pre_trend_log_growth_2000_2008": 0.10549530952535768,
      "fb_pre": -0.3,
      "fb_post": 1.3,
      "delta_fb_pp": 1.6
    },
    {
      "country": "FRA",
      "treated": 0,
      "debt_pre": 69.8,
      "debt_post": 98.2,
      "delta_debt_pp": 28.400000000000006,
      "gdp_pre": 36257.3658930938,
      "gdp_post": 38705.2072940618,
      "log_growth_2008_2019": 0.06533158867626199,
      "pre_trend_log_growth_2000_2008": 0.0864332773056482,
      "fb_pre": -3.5,
      "fb_post": -2.4,
      "delta_fb_pp": 1.1
    },
    {
      "country": "ITA",
      "treated": 0,
      "debt_pre": 105.8,
      "debt_post": 133.9,
      "delta_debt_pp": 28.10000000000001,
      "gdp_pre": 33550.6340800063,
      "gdp_post": 32180.4341017428,
      "log_growth_2008_2019": -0.041697131519597974,
      "pre_trend_log_growth_2000_2008": 0.028446970441606823,
      "fb_pre": -2.6,
      "fb_post": -1.5,
      "delta_fb_pp": 1.1
    },
    {
      "country": "ESP",
      "treated": 0,
      "debt_pre": 39.6,
      "debt_post": 97.6,
      "delta_debt_pp": 57.99999999999999,
      "gdp_pre": 27112.526293889,
      "gdp_post": 28301.4393949563,
      "log_growth_2008_2019": 0.04291681940895309,
      "pre_trend_log_growth_2000_2008": 0.11749849216180053,
      "fb_pre": -4.6,
      "fb_post": -3.0,
      "delta_fb_pp": 1.5999999999999996
    },
    {
      "country": "NLD",
      "treated": 0,
      "debt_pre": 54.4,
      "debt_post": 47.7,
      "delta_debt_pp": -6.699999999999996,
      "gdp_pre": 46227.211156219,
      "gdp_post": 49254.0158854264,
      "log_growth_2008_2019": 0.0634222943458429,
      "pre_trend_log_growth_2000_2008": 0.12819252319796703,
      "fb_pre": -0.1,
      "fb_post": 1.9,
      "delta_fb_pp": 2.0
    },
    {
      "country": "BEL",
      "treated": 0,
      "debt_pre": 93.2,
      "debt_post": 97.6,
      "delta_debt_pp": 4.3999999999999915,
      "gdp_pre": 40380.9075004042,
      "gdp_post": 43006.4042308863,
      "log_growth_2008_2019": 0.06299195356656995,
      "pre_trend_log_growth_2000_2008": 0.11822400265178779,
      "fb_pre": -1.1,
      "fb_post": -2.0,
      "delta_fb_pp": -0.8999999999999999
    },
    {
      "country": "AUT",
      "treated": 0,
      "debt_pre": 69.5,
      "debt_post": 71.0,
      "delta_debt_pp": 1.5,
      "gdp_pre": 44063.8642019916,
      "gdp_post": 46550.5622459492,
      "log_growth_2008_2019": 0.05489904126763179,
      "pre_trend_log_growth_2000_2008": 0.13313711544664208,
      "fb_pre": -1.6,
      "fb_post": 0.5,
      "delta_fb_pp": 2.1
    },
    {
      "country": "FIN",
      "treated": 0,
      "debt_pre": 32.6,
      "debt_post": 65.3,
      "delta_debt_pp": 32.699999999999996,
      "gdp_pre": 46359.8732844055,
      "gdp_post": 45898.5708448954,
      "log_growth_2008_2019": -0.01000030486702208,
      "pre_trend_log_growth_2000_2008": 0.20220633597119608,
      "fb_pre": 4.2,
      "fb_post": -0.9,
      "delta_fb_pp": -5.1000000000000005
    },
    {
      "country": "IRL",
      "treated": 0,
      "debt_pre": 42.5,
      "debt_post": 55.8,
      "delta_debt_pp": 13.299999999999997,
      "gdp_pre": 49461.1594281353,
      "gdp_post": 76485.635854651,
      "log_growth_2008_2019": 0.4359152530443211,
      "pre_trend_log_growth_2000_2008": 0.14934564771880332,
      "fb_pre": -7.0,
      "fb_post": 0.4,
      "delta_fb_pp": 7.4
    },
    {
      "country": "PRT",
      "treated": 0,
      "debt_pre": 75.6,
      "debt_post": 116.1,
      "delta_debt_pp": 40.5,
      "gdp_pre": 20014.4749330004,
      "gdp_post": 21569.1874752919,
      "log_growth_2008_2019": 0.07481003206288683,
      "pre_trend_log_growth_2000_2008": 0.06142440254237336,
      "fb_pre": -3.8,
      "fb_post": 0.1,
      "delta_fb_pp": 3.9
    },
    {
      "country": "GBR",
      "treated": 0,
      "debt_pre": 50.6,
      "debt_post": 84.9,
      "delta_debt_pp": 34.300000000000004,
      "gdp_pre": 44508.2874631479,
      "gdp_post": 47864.7588712634,
      "log_growth_2008_2019": 0.07270410374229108,
      "pre_trend_log_growth_2000_2008": 0.12452374998224869,
      "fb_pre": -5.0,
      "fb_post": -2.4,
      "delta_fb_pp": 2.6
    }
  ],
  "downgrade_note": "Spec called for synthetic-DID; downgraded to before/after panel comparison (Germany vs unweighted donor-pool mean, PRE=2008, POST=2019). synth_did not in venv; donor-weight optimisation is non-trivial. Pre-trend diagnostic 2000-2008 included as a method-validity check."
}
