{
  "verdict": "SUPPORTED \u2014 Yugoslav real GDP-per-capita grew 4.67%/yr (log) over 1965-1980, vs southern-European peer mean 4.29%/yr (ITA 3.66, ESP 4.24, GRC 4.59, PRT 4.67). Ratio 1.089 is within the [0.75, 1.25] band; YUG outperformed by +0.38pp/yr. Productivity claim survives the descriptive test on this proxy.",
  "primary_pass": true,
  "method_valid": true,
  "yug_mean_log_growth": 0.046709839382701075,
  "peer_mean_log_growth": 0.0428758622625056,
  "ratio_yug_over_peer": 1.0894204085441388,
  "diff_pp_per_year": 0.3833977120195474,
  "ratio_band_lo": 0.75,
  "ratio_band_hi": 1.25,
  "country_growth": {
    "YUG": {
      "n_yoy_obs": 15,
      "mean_log_growth": 0.046709839382701075,
      "cagr": 0.04781792946859387
    },
    "ITA": {
      "n_yoy_obs": 15,
      "mean_log_growth": 0.03656360119014058,
      "cagr": 0.037240271635655686
    },
    "ESP": {
      "n_yoy_obs": 15,
      "mean_log_growth": 0.04236330252028407,
      "cagr": 0.04327343377677373
    },
    "GRC": {
      "n_yoy_obs": 15,
      "mean_log_growth": 0.04586571325197042,
      "cagr": 0.04693381217983239
    },
    "PRT": {
      "n_yoy_obs": 15,
      "mean_log_growth": 0.04671083208762734,
      "cagr": 0.04781896964313059
    },
    "HRV": {
      "n_yoy_obs": 15,
      "mean_log_growth": 0.049636040229721345,
      "cagr": 0.050888545610053626
    },
    "SVN": {
      "n_yoy_obs": 15,
      "mean_log_growth": 0.05273803850179289,
      "cagr": 0.05415346132610588
    },
    "SRB": {
      "n_yoy_obs": 15,
      "mean_log_growth": 0.04785878373234927,
      "cagr": 0.049022505821203044
    },
    "BIH": {
      "n_yoy_obs": 15,
      "mean_log_growth": 0.040864291187158015,
      "cagr": 0.04171072662647868
    },
    "MKD": {
      "n_yoy_obs": 15,
      "mean_log_growth": 0.04643242797907128,
      "cagr": 0.047527293140811055
    },
    "MNE": {
      "n_yoy_obs": 15,
      "mean_log_growth": 0.04952758648533428,
      "cagr": 0.05077457899251381
    }
  },
  "successor_state_growth_1965_1980": {
    "HRV": 0.049636040229721345,
    "SVN": 0.05273803850179289,
    "SRB": 0.04785878373234927,
    "BIH": 0.040864291187158015,
    "MKD": 0.04643242797907128,
    "MNE": 0.04952758648533428
  },
  "peer_country_growth_1965_1980": {
    "ITA": 0.03656360119014058,
    "ESP": 0.04236330252028407,
    "GRC": 0.04586571325197042,
    "PRT": 0.04671083208762734
  },
  "coverage_yoy_obs": {
    "YUG": 15,
    "ITA": 15,
    "ESP": 15,
    "GRC": 15,
    "PRT": 15
  },
  "period": [
    1965,
    1980
  ]
}
