{
  "coefficients": {
    "post_2008": {
      "ci_hi": -0.9249649235807683,
      "ci_lo": -1.7217330560166917,
      "estimate": -1.32334898979873,
      "p": 7.485489989237578e-11,
      "se": 0.20326091160876653
    }
  },
  "n_countries": 31,
  "n_obs": 859,
  "run_id": "oecd_pdb_post_2008_productivity_hysteresis_panel",
  "status": "SUPPORTED"
}
