{
  "coefficients": {
    "post_2008": {
      "ci_hi": -0.9249649235807683,
      "ci_lo": -1.7217330560166917,
      "estimate": -1.32334898979873,
      "p": 7.485489989237578e-11,
      "se": 0.20326091160876653
    }
  },
  "formula": "lp_growth ~ post_2008 + C(country)",
  "n_countries": 31,
  "n_obs": 859,
  "r2": 0.2253681400115899,
  "sample_max_year": 2024,
  "sample_min_year": 1995,
  "status": "SUPPORTED"
}
