{
  "verdict": "SUPPORTED - V-Dem rule of law predicts lower political corruption (transformed beta=+0.393, p=0.000); 3/3 robustness outcomes have the same sign.",
  "verdict_label": "SUPPORTED",
  "period": [
    1996,
    2023
  ],
  "primary": {
    "label": "primary_political_corruption",
    "outcome": "control_of_corruption_vdem",
    "n_obs": 1120,
    "n_countries": 40,
    "coef": 0.39283941140872386,
    "se": 0.09996238610512626,
    "p": 9.054704248079304e-05,
    "t": 3.9298722921198688,
    "ci_lo": 0.19669084846223447,
    "ci_hi": 0.5889879743552132,
    "r2_within": 0.240987342227579
  },
  "robustness": [
    {
      "label": "public_sector_corruption",
      "outcome": "public_sector_clean_vdem",
      "n_obs": 1120,
      "n_countries": 40,
      "coef": 0.28341574172369155,
      "se": 0.12630532338120404,
      "p": 0.025046777084693383,
      "t": 2.2438938766524523,
      "ci_lo": 0.03557644297325574,
      "ci_hi": 0.5312550404741274,
      "r2_within": 0.12856316560904146
    },
    {
      "label": "executive_corruption",
      "outcome": "executive_clean_vdem",
      "n_obs": 1120,
      "n_countries": 40,
      "coef": 0.6021568436406005,
      "se": 0.11843432384581955,
      "p": 4.366190122784275e-07,
      "t": 5.084310224327381,
      "ci_lo": 0.3697622067072057,
      "ci_hi": 0.8345514805739953,
      "r2_within": 0.2634160145789758
    },
    {
      "label": "clientelism",
      "outcome": "low_clientelism_vdem",
      "n_obs": 1120,
      "n_countries": 40,
      "coef": 0.23004512080600276,
      "se": 0.1148651054058184,
      "p": 0.045461513440918644,
      "t": 2.002741563621549,
      "ci_lo": 0.004654088879716051,
      "ci_hi": 0.45543615273228943,
      "r2_within": 0.06965565292751308
    }
  ],
  "falsification": {
    "expected_sign": "+",
    "primary_positive": true,
    "primary_p_lt_0_10": true,
    "robustness_same_sign_count": 3
  },
  "data_rows": 1120,
  "countries": [
    "ARG",
    "AUS",
    "BGD",
    "BRA",
    "CAN",
    "CHL",
    "CHN",
    "COL",
    "DEU",
    "DNK",
    "EGY",
    "ESP",
    "EST",
    "FIN",
    "FRA",
    "GBR",
    "IDN",
    "IND",
    "ITA",
    "JPN",
    "KEN",
    "KOR",
    "LKA",
    "MAR",
    "MEX",
    "MYS",
    "NGA",
    "NLD",
    "NOR",
    "NZL",
    "PAK",
    "PER",
    "PHL",
    "POL",
    "SWE",
    "THA",
    "TUR",
    "USA",
    "VNM",
    "ZAF"
  ]
}
