{
  "coefficients": {
    "hours_growth": {
      "ci_hi": 0.33346346570956126,
      "ci_lo": 0.10598138695665164,
      "estimate": 0.21972242633310646,
      "p": 0.00015295927471251848,
      "se": 0.0580322088944642
    }
  },
  "n_countries": 31,
  "n_obs": 1113,
  "run_id": "oecd_pdb_hours_reduction_output_tradeoff_panel",
  "status": "SUPPORTED"
}
