{
  "coefficients": {
    "hours_growth": {
      "ci_hi": 0.33346346570956126,
      "ci_lo": 0.10598138695665164,
      "estimate": 0.21972242633310646,
      "p": 0.00015295927471251848,
      "se": 0.0580322088944642
    }
  },
  "formula": "gva_growth ~ hours_growth + C(country) + C(year)",
  "n_countries": 31,
  "n_obs": 1113,
  "r2": 0.5514150668524174,
  "sample_max_year": 2025,
  "sample_min_year": 1971,
  "status": "SUPPORTED"
}
