{
  "verdict": "PARTIAL \u2014 pattern does not cleanly match either uniform direction. output \u03b2 = -0.003 p=0.906; housing-affordability \u03b2 = -0.139 p=0.082.",
  "results_by_outcome": {
    "log_gdp_pc_ppp": {
      "n_obs": 152,
      "r2_within": 0.08893086215262103,
      "coefs": {
        "spain_post_2018": {
          "estimate": -0.002953732573853917,
          "se": 0.02487243449181859,
          "ci_lo": -0.052179367336676136,
          "ci_hi": 0.0462719021889683,
          "p": 0.9056598839949435,
          "t": -0.1187552659883576
        }
      }
    },
    "unemployment_rate": {
      "n_obs": 124,
      "r2_within": 0.11276082917369668,
      "coefs": {
        "spain_post_2018": {
          "estimate": -3.3735906070749513,
          "se": 1.2848770476184912,
          "ci_lo": -5.923715874660565,
          "ci_hi": -0.8234653394893376,
          "p": 0.01005092085293735,
          "t": -2.625613566160181
        }
      }
    },
    "log_house_price_index": {
      "n_obs": 124,
      "r2_within": -0.13716868289080764,
      "coefs": {
        "spain_post_2018": {
          "estimate": -0.1644266339207386,
          "se": 0.0879158554472839,
          "ci_lo": -0.33889278779114573,
          "ci_hi": 0.010039519949668507,
          "p": 0.06443043898009382,
          "t": -1.8702728089739409
        }
      }
    },
    "log_house_price_to_gdp_pc": {
      "n_obs": 124,
      "r2_within": -0.21903915077873948,
      "coefs": {
        "spain_post_2018": {
          "estimate": -0.13860137058510366,
          "se": 0.07882908678430219,
          "ci_lo": -0.295035127777176,
          "ci_hi": 0.017832386606968675,
          "p": 0.08182667793900134,
          "t": -1.7582516332372935
        }
      }
    }
  },
  "pattern_match_nonneg_output_negative_housing": false,
  "missing_outcomes_v1": [
    "employment_rate_15_64 (lfsi_emp_a not in vintages)",
    "real_wage_index (OECD DF_EARN not in vintages)",
    "real_house_price_to_income (OECD URN not in vintages \u2014 using HPI/GDPpc proxy)"
  ]
}
