{
  "hypothesis_id": "bis_credit_gap_consumption_slowdown_panel_1970_2025",
  "verdict_label": "PARTIAL",
  "verdict_reason": "one of the regression or raw-contrast gates clears, but not both",
  "n_observations": 12109,
  "n_countries": 42,
  "outcome": "fwd_consumption_growth_2y_avg",
  "treatment": "high_credit_gap",
  "coefficient": -0.22346352429173585,
  "standard_error_cluster_country": 0.1665826381584241,
  "p_value": 0.17977196934240303,
  "ci95": [
    -0.5499594955319148,
    0.10303244694844313
  ],
  "raw_treated_minus_control_mean": -0.6972249678187477,
  "control_mean": 2.9870663537757993,
  "treated_mean": 2.2898413859570517,
  "treated_count": 2388,
  "gate": {
    "coef_max": -0.5,
    "p_max": 0.1,
    "mean_diff_max": -0.5,
    "min_observations": 700,
    "min_countries": 20
  },
  "run_utc": "2026-05-12T18:33:17+00:00",
  "runner": "scripts/promote_bis_batch04_wave_2026_05_12.py"
}