{
  "verdict": "SUPPORTED \u2014 EU post-2018 productivity differential \u03b2=-0.0639 log points (p=0.082); placebo clean. Consistent with Draghi-report style competitiveness drag.",
  "primary": {
    "label": "primary_twfe",
    "n_obs": 260,
    "r2_within": -0.002626855782466908,
    "coefs": {
      "eu_post_2018": {
        "estimate": -0.06387118599353529,
        "se": 0.03652685634456525,
        "ci_lo": -0.13583631066161211,
        "ci_hi": 0.008093938674541543,
        "p": 0.08167558873841019,
        "t": -1.7486088972734317
      }
    }
  },
  "cumulative": {
    "label": "cumulative_twfe",
    "n_obs": 260,
    "r2_within": -0.0025144030299470987,
    "coefs": {
      "eu_post_2018": {
        "estimate": -0.06850048674057073,
        "se": 0.03392450504798775,
        "ci_lo": -0.13533996925099803,
        "ci_hi": -0.0016610042301434258,
        "p": 0.04461633899924622,
        "t": -2.019203718482368
      },
      "eu_post_2022": {
        "estimate": 0.01471490517394466,
        "se": 0.022939371935256518,
        "ci_lo": -0.03048120740302309,
        "ci_hi": 0.059911017750912406,
        "p": 0.5218509784417273,
        "t": 0.6414694009703327
      }
    }
  },
  "channel_pmr": {
    "label": "channel_pmr_twfe",
    "n_obs": 260,
    "r2_within": -0.002895926026921014,
    "coefs": {
      "eu_post_2018": {
        "estimate": -0.06712759455244809,
        "se": 0.03715634921040832,
        "ci_lo": -0.14033459196294462,
        "ci_hi": 0.006079402858048463,
        "p": 0.07211644757053048,
        "t": -1.806625138877857
      }
    }
  },
  "placebo_pre_2018": {
    "label": "placebo_pre_2018",
    "n_obs": 140,
    "r2_within": 0.0001318656870183954,
    "coefs": {
      "eu_post_2014": {
        "estimate": -0.010979062345205345,
        "se": 0.020811986422546943,
        "ci_lo": -0.052185347053368955,
        "ci_hi": 0.03022722236295827,
        "p": 0.5987957772445598,
        "t": -0.5275355327596711
      }
    }
  },
  "falsification": {
    "sign_ok": true,
    "sig_at_p10": true,
    "threshold_minus_0_02": true,
    "placebo_clean": true
  },
  "n_eu_countries_in_panel": 25,
  "n_non_eu_countries_in_panel": 9,
  "period": [
    2010,
    2024
  ]
}
