{
  "verdict": "SUPPORTED \u2014 both treated cases satisfy the no-catastrophe primary (log-GDP gap >= -5% AND unemployment gap <= +3.0 pp). FRA: log-GDP gap +3.93 pp, unemployment gap -5.48 pp; ISL: log-GDP gap +13.05 pp, unemployment gap -4.88 pp.",
  "thresholds": {
    "gdp_grey_floor_log": -0.05,
    "unemployment_grey_ceiling_pp": 3.0,
    "gdp_refute_bar_log": -0.1,
    "unemployment_refute_bar_pp": 5.0,
    "min_pre_obs": 4,
    "min_post_obs": 3
  },
  "n_cases_total": 2,
  "n_cases_inconclusive": 0,
  "n_cases_catastrophic": 0,
  "n_cases_ok": 2,
  "n_cases_grey": 0,
  "cases": {
    "FRA": {
      "label": "France 35-hour week",
      "event_year": 2000,
      "bucket": "ok_no_catastrophe",
      "log_gdp_its": {
        "outcome": "log_real_gdp",
        "country": "FRA",
        "method_valid": true,
        "n_pre": 10,
        "n_post": 8,
        "pre_window": [
          1990,
          1999
        ],
        "post_window": [
          2000,
          2007
        ],
        "pre_trend_slope": 0.018859872934403717,
        "pre_trend_intercept": -9.42658692186741,
        "pre_residual_sd": 0.013622141737836106,
        "mean_post_gap": 0.039270102283568864,
        "end_post_gap": 0.04966299199358204,
        "z_mean_gap": 2.882814100700069,
        "post_actuals": [
          28.337014665490553,
          28.355831189215657,
          28.36645208994593,
          28.376083827306637,
          28.404362689658075,
          28.423072227996148,
          28.44985109686461,
          28.47484104947443
        ],
        "post_counterfactuals": [
          28.293158946940025,
          28.312018819874424,
          28.33087869280883,
          28.349738565743237,
          28.368598438677637,
          28.387458311612043,
          28.406318184546443,
          28.42517805748085
        ],
        "post_years": [
          2000,
          2001,
          2002,
          2003,
          2004,
          2005,
          2006,
          2007
        ]
      },
      "unemployment_rate_its": {
        "outcome": "unemployment_rate",
        "country": "FRA",
        "method_valid": true,
        "n_pre": 9,
        "n_post": 8,
        "pre_window": [
          1990,
          1999
        ],
        "post_window": [
          2000,
          2007
        ],
        "pre_trend_slope": 0.32111666666664485,
        "pre_trend_intercept": -629.0641944444009,
        "pre_residual_sd": 0.7781663868957909,
        "mean_post_gap": -5.484047222222072,
        "end_post_gap": -7.40895555555532,
        "z_mean_gap": -7.0473966937825026,
        "post_actuals": [
          10.218,
          8.61,
          8.702,
          8.306,
          8.914,
          8.882,
          8.832,
          8.008
        ],
        "post_counterfactuals": [
          13.169138888888824,
          13.49025555555545,
          13.811372222222076,
          14.132488888888702,
          14.453605555555441,
          14.774722222222067,
          15.095838888888693,
          15.416955555555319
        ],
        "post_years": [
          2000,
          2001,
          2002,
          2003,
          2004,
          2005,
          2006,
          2007
        ]
      },
      "informative_avg_hours_its": {
        "outcome": "avg_hours_worked_pwt",
        "country": "FRA",
        "method_valid": true,
        "n_pre": 10,
        "n_post": 8,
        "pre_window": [
          1990,
          1999
        ],
        "post_window": [
          2000,
          2007
        ],
        "pre_trend_slope": -7.722003858718112,
        "pre_trend_intercept": 17014.08039077068,
        "pre_residual_sd": 4.06501355994164,
        "mean_post_gap": -15.27096828800353,
        "end_post_gap": 20.796854565722924,
        "z_mean_gap": -3.756683234341479,
        "post_actuals": [
          1558.3388016561207,
          1537.956603773585,
          1503.8867346156794,
          1507.2567707335759,
          1530.8560116292415,
          1532.0759089700239,
          1515.0112000601346,
          1536.8155008891524
        ],
        "post_counterfactuals": [
          1570.0726733344563,
          1562.350669475738,
          1554.6286656170196,
          1546.9066617583012,
          1539.1846578995828,
          1531.4626540408663,
          1523.7406501821479,
          1516.0186463234295
        ],
        "post_years": [
          2000,
          2001,
          2002,
          2003,
          2004,
          2005,
          2006,
          2007
        ]
      },
      "informative_tfp_its": {
        "outcome": "tfp_rtfpna_pwt",
        "country": "FRA",
        "method_valid": true,
        "n_pre": 10,
        "n_post": 8,
        "pre_window": [
          1990,
          1999
        ],
        "post_window": [
          2000,
          2007
        ],
        "pre_trend_slope": 0.007244631738373756,
        "pre_trend_intercept": -13.512160211620964,
        "pre_residual_sd": 0.00638335797511302,
        "mean_post_gap": 0.009920386157251215,
        "end_post_gap": -0.005205738183224895,
        "z_mean_gap": 1.554101492651377,
        "post_actuals": [
          0.9960123896598816,
          1.0017712116241455,
          1.0126360654830933,
          1.008007526397705,
          1.014281153678894,
          1.0150940418243408,
          1.028626561164856,
          1.0226099491119385
        ],
        "post_counterfactuals": [
          0.9771032651265479,
          0.9843478968649215,
          0.9915925286032952,
          0.9988371603416688,
          1.0060817920800424,
          1.013326423818416,
          1.0205710555567897,
          1.0278156872951634
        ],
        "post_years": [
          2000,
          2001,
          2002,
          2003,
          2004,
          2005,
          2006,
          2007
        ]
      }
    },
    "ISL": {
      "label": "Iceland 4-day-week trial",
      "event_year": 2015,
      "bucket": "ok_no_catastrophe",
      "log_gdp_its": {
        "outcome": "log_real_gdp",
        "country": "ISL",
        "method_valid": true,
        "n_pre": 10,
        "n_post": 5,
        "pre_window": [
          2005,
          2014
        ],
        "post_window": [
          2015,
          2019
        ],
        "pre_trend_slope": 0.005172388800003202,
        "pre_trend_intercept": 13.122910852069563,
        "pre_residual_sd": 0.045350848210962205,
        "mean_post_gap": 0.13053782504377764,
        "end_post_gap": 0.18234751942500438,
        "z_mean_gap": 2.8783987553340635,
        "post_actuals": [
          23.596857987853443,
          23.65718221295225,
          23.691439349445435,
          23.73699352464683,
          23.74831135870103
        ],
        "post_counterfactuals": [
          23.545274284076015,
          23.550446672876017,
          23.55561906167602,
          23.560791450476025,
          23.565963839276026
        ],
        "post_years": [
          2015,
          2016,
          2017,
          2018,
          2019
        ]
      },
      "unemployment_rate_its": {
        "outcome": "unemployment_rate",
        "country": "ISL",
        "method_valid": true,
        "n_pre": 10,
        "n_post": 5,
        "pre_window": [
          2005,
          2014
        ],
        "post_window": [
          2015,
          2019
        ],
        "pre_trend_slope": 0.42610303030300545,
        "pre_trend_intercept": -851.388139393889,
        "pre_residual_sd": 1.636746434724234,
        "mean_post_gap": -4.879672727273004,
        "end_post_gap": -5.4068787878789575,
        "z_mean_gap": -2.9813247939624516,
        "post_actuals": [
          3.979,
          2.978,
          2.742,
          2.704,
          3.507
        ],
        "post_counterfactuals": [
          7.209466666667026,
          7.6355696969700375,
          8.061672727273049,
          8.487775757575946,
          8.913878787878957
        ],