{
  "verdict": "refuted \u2014 Both the post-reform growth pickup and the clean-pre-trend conditions fail. h=3 -0.47pp (p=0.30); h=5 +1.99pp (p=0.17); h=10 +0.34pp (p=0.68). Pre-trends: h=-3 -1.28pp; h=-5 +5.62pp.",
  "method_valid": true,
  "n_episodes": 31,
  "n_episode_countries": 31,
  "n_panel_countries": 41,
  "n_country_year_growth_obs": 2422,
  "horizons": [
    -5,
    -3,
    0,
    3,
    5,
    10
  ],
  "coef_by_horizon": {
    "-5": 0.056185008508260734,
    "-3": -0.01278861814679532,
    "0": 0.043867317759700694,
    "3": -0.004717881885633317,
    "5": 0.01993404482108089,
    "10": 0.0034289949213181592
  },
  "se_by_horizon": {
    "-5": 0.022883657312611543,
    "-3": 0.005808779774309563,
    "0": 0.017234630071923808,
    "3": 0.004660916809440752,
    "5": 0.01558925273764868,
    "10": 0.006598926924214615
  },
  "pval_by_horizon": {
    "-5": 0.004,
    "-3": 0.028,
    "0": 0.0,
    "3": 0.3,
    "5": 0.17,
    "10": 0.676
  },
  "n_cells_by_horizon": {
    "-5": 31,
    "-3": 31,
    "0": 31,
    "3": 31,
    "5": 31,
    "10": 29
  },
  "post_details": {
    "3": {
      "coef": -0.004717881885633317,
      "se": 0.004660916809440752,
      "pval": 0.3,
      "n_cells": 31,
      "magnitude_ok": false,
      "significance_ok": false
    },
    "5": {
      "coef": 0.01993404482108089,
      "se": 0.01558925273764868,
      "pval": 0.17,
      "n_cells": 31,
      "magnitude_ok": true,
      "significance_ok": false
    },
    "10": {
      "coef": 0.0034289949213181592,
      "se": 0.006598926924214615,
      "pval": 0.676,
      "n_cells": 29,
      "magnitude_ok": false,
      "significance_ok": false
    }
  },
  "pretrend_details": {
    "-5": {
      "coef": 0.056185008508260734,
      "se": 0.022883657312611543,
      "pval": 0.004,
      "n_cells": 31,
      "is_positive_pretrend": true
    },
    "-3": {
      "coef": -0.01278861814679532,
      "se": 0.005808779774309563,
      "pval": 0.028,
      "n_cells": 31,
      "is_positive_pretrend": false
    }
  },
  "thresholds": {
    "post_growth_pp": 0.005,
    "pretrend_positive_pp": 0.005,
    "alpha": 0.1,
    "min_episodes_for_valid": 30,
    "efw_jump_5y": 0.5,
    "one_episode_per_country": true
  },
  "episodes": [
    {
      "country_iso3": "GBR",
      "episode_year": 1985,
      "efw_at_e": 8.25337254301344,
      "efw_jump_5y": 0.8977352590646186
    },
    {
      "country_iso3": "FRA",
      "episode_year": 1990,
      "efw_at_e": 7.294000373563572,
      "efw_jump_5y": 0.8829579399576959
    },
    {
      "country_iso3": "ITA",
      "episode_year": 1990,
      "efw_at_e": 6.904463659804932,
      "efw_jump_5y": 0.8019348726685616
    },
    {
      "country_iso3": "ESP",
      "episode_year": 1980,
      "efw_at_e": 6.514298912864029,
      "efw_jump_5y": 0.6742204414188722
    },
    {
      "country_iso3": "AUT",
      "episode_year": 1990,
      "efw_at_e": 7.570499965326047,
      "efw_jump_5y": 0.5283978402194576
    },
    {
      "country_iso3": "NOR",
      "episode_year": 1990,
      "efw_at_e": 7.691399679691363,
      "efw_jump_5y": 0.5383979775783958
    },
    {
      "country_iso3": "DNK",
      "episode_year": 1990,
      "efw_at_e": 7.889811845816498,
      "efw_jump_5y": 0.8442972085929084
    },
    {
      "country_iso3": "IRL",
      "episode_year": 1995,
      "efw_at_e": 7.89139642698412,
      "efw_jump_5y": 0.6951478242132421
    },
    {
      "country_iso3": "NZL",
      "episode_year": 1990,
      "efw_at_e": 8.152669953388488,
      "efw_jump_5y": 1.2113636959044216
    },
    {
      "country_iso3": "KOR",
      "episode_year": 1990,
      "efw_at_e": 6.869433403787552,
      "efw_jump_5y": 0.9519072002391331
    },
    {
      "country_iso3": "CHL",
      "episode_year": 1990,
      "efw_at_e": 7.189293959207641,
      "efw_jump_5y": 1.4399012048981215
    },
    {
      "country_iso3": "MEX",
      "episode_year": 1990,
      "efw_at_e": 5.895403875825754,
      "efw_jump_5y": 1.2143356820637763
    },
    {
      "country_iso3": "ARG",
      "episode_year": 1995,
      "efw_at_e": 6.743850196911993,
      "efw_jump_5y": 2.02711039643249
    },
    {
      "country_iso3": "BRA",
      "episode_year": 2000,
      "efw_at_e": 5.640317324405196,
      "efw_jump_5y": 1.4246162314219308
    },
    {
      "country_iso3": "IND",
      "episode_year": 2019,
      "efw_at_e": 6.5500455235204855,
      "efw_jump_5y": 0.5990895295902883
    },
    {
      "country_iso3": "IDN",
      "episode_year": 1985,
      "efw_at_e": 5.6964580353388525,
      "efw_jump_5y": 0.8891555423942297
    },
    {
      "country_iso3": "TUR",
      "episode_year": 1985,
      "efw_at_e": 5.042070530304537,
      "efw_jump_5y": 1.105806212883691
    },
    {
      "country_iso3": "POL",
      "episode_year": 1995,
      "efw_at_e": 6.207931776817331,
      "efw_jump_5y": 1.6273219220783295
    },
    {
      "country_iso3": "HUN",
      "episode_year": 1995,
      "efw_at_e": 6.855273076224763,
      "efw_jump_5y": 1.0763614738584621
    },
    {
      "country_iso3": "CZE",
      "episode_year": 2000,
      "efw_at_e": 7.14076457556578,
      "efw_jump_5y": 0.6126394361596512
    },
    {
      "country_iso3": "EST",
      "episode_year": 2000,
      "efw_at_e": 7.731199606414217,
      "efw_jump_5y": 1.5421815487860382
    },
    {
      "country_iso3": "ZAF",
      "episode_year": 1995,
      "efw_at_e": 6.868913823736685,
      "efw_jump_5y": 0.8350054431170504
    },
    {
      "country_iso3": "PHL",
      "episode_year": 1995,
      "efw_at_e": 6.882900650068101,
      "efw_jump_5y": 1.1487865564307675
    },
    {
      "country_iso3": "MYS",
      "episode_year": 2014,
      "efw_at_e": 7.278884462151396,
      "efw_jump_5y": 0.9532588904781507
    },
    {
      "country_iso3": "THA",
      "episode_year": 1995,
      "efw_at_e": 7.346025526404245,
      "efw_jump_5y": 0.8577090243741212
    },
    {
      "country_iso3": "VNM",
      "episode_year": 2018,
      "efw_at_e": 6.110160771704181,
      "efw_jump_5y": 0.5391318327974268
    },
    {
      "country_iso3": "CHN",
      "episode_year": 1995,
      "efw_at_e": 5.163798980606998,
      "efw_jump_5y": 0.633594966945644
    },
    {
      "country_iso3": "EGY",
      "episode_year": 1995,
      "efw_at_e": 5.079328607872203,
      "efw_jump_5y": 0.8399667931306167
    },
    {
      "country_iso3": "KEN",
      "episode_year": 2005,
      "efw_at_e": 6.829627858052373,
      "efw_jump_5y": 0.7316359206720637
    },
    {
      "country_iso3": "GHA",
      "episode_year": 1990,
      "efw_at_e": 4.6191162945718505,
      "efw_jump_5y": 1.3837000353783524
    },
    {
      "country_iso3": "NGA",
      "episode_year": 2000,
      "efw_at_e": 5.005567035031001,
      "efw_jump_5y": 1.2662303962133756
    }
  ]
}
